2024-10-27 18:27:26,838 [INFO] Activator:176 - 


2024-10-27 18:27:26,847 [INFO] Activator:177 - !SESSION log4j initialized
2024-10-27 18:27:31,236 [INFO] LogOutputStream:77 - [STDOUT_REDIRECT] 
2024-10-27 18:27:39,184 [INFO] ApplicationProperties:184 - Using Application install path: C:\ST\STM32CubeIDE_1.14.1\STM32CubeIDE\plugins\com.st.stm32cube.common.mx_6.10.0.202311202037
2024-10-27 18:27:39,196 [INFO] DbMcusXml:78 - Set database path to: C:\ST\STM32CubeIDE_1.14.1\STM32CubeIDE\plugins\com.st.stm32cube.common.mx_6.10.0.202311202037\\db\/mcu/
2024-10-27 18:27:39,196 [INFO] ApiDb:274 - Set plugin database path to: C:\ST\STM32CubeIDE_1.14.1\STM32CubeIDE\plugins\com.st.stm32cube.common.mx_6.10.0.202311202037\\db\/plugins/boardmanager/
2024-10-27 18:27:39,198 [WARN] ApiDb:259 - Overriding images path with different value:  => C:\ST\STM32CubeIDE_1.14.1\STM32CubeIDE\plugins\com.st.stm32cube.common.mx_6.10.0.202311202037\\db\/plugins/mcufinder/images/
2024-10-27 18:27:39,205 [INFO] ApiDb:250 - Set database path to: C:\Users\Ivan\.stmcufinder\plugins\mcufinder//mcu/
2024-10-27 18:27:39,206 [INFO] DbMcusAds:125 - Set database path to: C:\Users\Ivan\.stmcufinder\plugins\mcufinder//mcu/
2024-10-27 18:27:39,208 [INFO] CrossReferenceDbSqlite:203 - Set database path to: C:\Users\Ivan\.stmcufinder\plugins\mcufinder//mcu/cs/
2024-10-27 18:27:39,299 [INFO] RulesReader:64 - Compatibility file has been processed (297 Rules)
2024-10-27 18:27:39,354 [INFO] DbMcusXml:78 - Set database path to: C:\ST\STM32CubeIDE_1.14.1\STM32CubeIDE\plugins\com.st.stm32cube.common.mx_6.10.0.202311202037\\db\/mcu/
2024-10-27 18:27:39,354 [INFO] ApiDb:274 - Set plugin database path to: C:\ST\STM32CubeIDE_1.14.1\STM32CubeIDE\plugins\com.st.stm32cube.common.mx_6.10.0.202311202037\\db\/plugins/boardmanager/
2024-10-27 18:27:39,354 [INFO] ApiDb:261 - Set plugin images path to: C:\ST\STM32CubeIDE_1.14.1\STM32CubeIDE\plugins\com.st.stm32cube.common.mx_6.10.0.202311202037\\db\/plugins/mcufinder/images/
2024-10-27 18:27:39,354 [WARN] DbFile:41 - Overriding database path with different value: C:\Users\Ivan\.stmcufinder\plugins\mcufinder/ => C:\Users\Ivan\.stmcufinder\plugins\mcufinder
2024-10-27 18:27:39,354 [INFO] ApiDb:250 - Set database path to: C:\Users\Ivan\.stmcufinder\plugins\mcufinder//mcu/
2024-10-27 18:27:39,356 [WARN] DbFile:41 - Overriding database path with different value: C:\Users\Ivan\.stmcufinder\plugins\mcufinder/ => C:\Users\Ivan\.stmcufinder\plugins\mcufinder
2024-10-27 18:27:39,356 [INFO] DbMcusAds:125 - Set database path to: C:\Users\Ivan\.stmcufinder\plugins\mcufinder//mcu/
2024-10-27 18:27:39,356 [WARN] DbFile:41 - Overriding database path with different value: C:\Users\Ivan\.stmcufinder\plugins\mcufinder/ => C:\Users\Ivan\.stmcufinder\plugins\mcufinder
2024-10-27 18:27:39,356 [WARN] DbFile:41 - Overriding database path with different value: C:\Users\Ivan\.stmcufinder\plugins\mcufinder/ => C:\Users\Ivan\.stmcufinder\plugins\mcufinder
2024-10-27 18:27:39,356 [INFO] CrossReferenceDbSqlite:203 - Set database path to: C:\Users\Ivan\.stmcufinder\plugins\mcufinder//mcu/cs/
2024-10-27 18:27:39,412 [INFO] MainPanel:264 - HeapMemory: 268435456
2024-10-27 18:27:39,485 [INFO] DbMcusXml:78 - Set database path to: C:\ST\STM32CubeIDE_1.14.1\STM32CubeIDE\plugins\com.st.stm32cube.common.mx_6.10.0.202311202037\\db\/mcu/
2024-10-27 18:27:39,485 [INFO] ApiDb:274 - Set plugin database path to: C:\ST\STM32CubeIDE_1.14.1\STM32CubeIDE\plugins\com.st.stm32cube.common.mx_6.10.0.202311202037\\db\/plugins/boardmanager/
2024-10-27 18:27:39,485 [INFO] ApiDb:261 - Set plugin images path to: C:\ST\STM32CubeIDE_1.14.1\STM32CubeIDE\plugins\com.st.stm32cube.common.mx_6.10.0.202311202037\\db\/plugins/mcufinder/images/
2024-10-27 18:27:39,486 [WARN] DbFile:41 - Overriding database path with different value: C:\Users\Ivan\.stmcufinder\plugins\mcufinder/ => C:\Users\Ivan\.stmcufinder\plugins\mcufinder
2024-10-27 18:27:39,486 [INFO] ApiDb:250 - Set database path to: C:\Users\Ivan\.stmcufinder\plugins\mcufinder//mcu/
2024-10-27 18:27:39,486 [WARN] DbFile:41 - Overriding database path with different value: C:\Users\Ivan\.stmcufinder\plugins\mcufinder/ => C:\Users\Ivan\.stmcufinder\plugins\mcufinder
2024-10-27 18:27:39,486 [INFO] DbMcusAds:125 - Set database path to: C:\Users\Ivan\.stmcufinder\plugins\mcufinder//mcu/
2024-10-27 18:27:39,486 [WARN] DbFile:41 - Overriding database path with different value: C:\Users\Ivan\.stmcufinder\plugins\mcufinder/ => C:\Users\Ivan\.stmcufinder\plugins\mcufinder
2024-10-27 18:27:39,486 [WARN] DbFile:41 - Overriding database path with different value: C:\Users\Ivan\.stmcufinder\plugins\mcufinder/ => C:\Users\Ivan\.stmcufinder\plugins\mcufinder
2024-10-27 18:27:39,486 [INFO] CrossReferenceDbSqlite:203 - Set database path to: C:\Users\Ivan\.stmcufinder\plugins\mcufinder//mcu/cs/
2024-10-27 18:27:39,499 [INFO] ApplicationProperties:184 - Using Application install path: C:\ST\STM32CubeIDE_1.14.1\STM32CubeIDE\plugins\com.st.stm32cube.common.mx_6.10.0.202311202037
2024-10-27 18:27:39,500 [INFO] PluginManage:196 - Search for loadable plugins [exclusion list=, ]
2024-10-27 18:27:39,500 [INFO] PluginManage:310 - Check plugin analytics
2024-10-27 18:27:39,611 [INFO] AnalyticsPlugin:253 - Accepted Software Licenses: STM32CubeMX.6.10.0,STM32CubeMX.6.12.0
2024-10-27 18:27:39,612 [INFO] AnalyticsPlugin:255 - Accepted CMSIS Pack Licenses: STMicroelectronics.X-CUBE-MEMS1.10.0.0,STMicroelectronics.X-CUBE-MEMS1.9.6.0,STMicroelectronics.X-CUBE-MEMS1.9.3.0,STMicroelectronics.X-CUBE-AI.9.1.0
2024-10-27 18:27:39,612 [INFO] AnalyticsPlugin:257 - Accepted Firmware Licenses: FW.F4.1.28.0,FW.L4.1.18.0
2024-10-27 18:27:39,613 [INFO] PluginManage:359 - Loaded plugin analytics (category:tool,tabindex:-1)
2024-10-27 18:27:39,613 [INFO] PluginManage:310 - Check plugin cadmodel
2024-10-27 18:27:39,625 [INFO] CADModel:105 - Init CAD model plugin
2024-10-27 18:27:39,625 [INFO] PluginManage:359 - Loaded plugin cadmodel (category:power,tabindex:5)
2024-10-27 18:27:39,625 [INFO] PluginManage:310 - Check plugin clock
2024-10-27 18:27:39,636 [INFO] PluginManage:359 - Loaded plugin clock (category:base,tabindex:2)
2024-10-27 18:27:39,636 [INFO] PluginManage:310 - Check plugin ddr
2024-10-27 18:27:39,637 [INFO] PluginManage:359 - Loaded plugin ddr (category:tool,tabindex:6)
2024-10-27 18:27:39,637 [INFO] PluginManage:310 - Check plugin filemanager
2024-10-27 18:27:39,737 [INFO] PluginManage:359 - Loaded plugin filemanager (category:base,tabindex:10)
2024-10-27 18:27:39,737 [INFO] PluginManage:310 - Check plugin ipmanager
2024-10-27 18:27:39,741 [INFO] PluginManage:359 - Loaded plugin ipmanager (category:base,tabindex:5)
2024-10-27 18:27:39,741 [INFO] PluginManage:310 - Check plugin lpbam
2024-10-27 18:27:39,844 [INFO] PluginManage:359 - Loaded plugin lpbam (category:base,tabindex:0)
2024-10-27 18:27:39,844 [INFO] PluginManage:310 - Check plugin memorymap
2024-10-27 18:27:39,940 [INFO] PluginManage:359 - Loaded plugin memorymap (category:base,tabindex:4)
2024-10-27 18:27:39,940 [INFO] PluginManage:310 - Check plugin pinoutandconfiguration
2024-10-27 18:27:39,949 [INFO] PluginManage:359 - Loaded plugin pinoutandconfiguration (category:base,tabindex:1)
2024-10-27 18:27:39,949 [INFO] PluginManage:310 - Check plugin pinoutconfig
2024-10-27 18:27:40,011 [WARN] SupportedApi:132 - Cannot load RTOS API schema: s4s-elt-must-match.1: The content of 'definitions' must match (annotation?, (simpleType | complexType)?, (unique | key | keyref)*)). A problem was found starting at: attribute.
2024-10-27 18:27:40,100 [INFO] PluginManage:359 - Loaded plugin pinoutconfig (category:base,tabindex:0)
2024-10-27 18:27:40,100 [INFO] PluginManage:310 - Check plugin power
2024-10-27 18:27:40,133 [INFO] PluginManage:359 - Loaded plugin power (category:power,tabindex:4)
2024-10-27 18:27:40,133 [INFO] PluginManage:310 - Check plugin projectmanager
2024-10-27 18:27:40,145 [INFO] PluginManage:359 - Loaded plugin projectmanager (category:projectmanager,tabindex:3)
2024-10-27 18:27:40,145 [INFO] PluginManage:310 - Check plugin thirdparty
2024-10-27 18:27:40,301 [INFO] PluginManage:359 - Loaded plugin thirdparty (category:base,tabindex:-1)
2024-10-27 18:27:40,301 [WARN] IntegrityCheckThread:84 - waiting for thirdparty lock release [integrity check]
2024-10-27 18:27:40,301 [INFO] PluginManage:310 - Check plugin tools
2024-10-27 18:27:40,301 [INFO] IntegrityCheckThread:86 - entering critical section [integrity check]
2024-10-27 18:27:40,301 [INFO] ThirdPartyUpdaterWithRetryManager:70 - Updater plugin not ready yet. [1/15]
2024-10-27 18:27:40,315 [INFO] PluginManage:359 - Loaded plugin tools (category:base,tabindex:7)
2024-10-27 18:27:40,315 [INFO] PluginManage:310 - Check plugin tutovideos
2024-10-27 18:27:40,476 [INFO] PluginManage:359 - Loaded plugin tutovideos (category:base,tabindex:-1)
2024-10-27 18:27:40,476 [INFO] PluginManage:310 - Check plugin updater
2024-10-27 18:27:40,482 [INFO] PluginManage:359 - Loaded plugin updater (category:base,tabindex:12)
2024-10-27 18:27:40,483 [INFO] PluginManage:310 - Check plugin userauth
2024-10-27 18:27:40,486 [INFO] UserAuth:114 - Init User Auth plugin
2024-10-27 18:27:40,486 [INFO] PluginManage:359 - Loaded plugin userauth (category:base,tabindex:14)
2024-10-27 18:27:40,486 [INFO] PluginManage:283 - PluginManage : Loaded plugins [17]
2024-10-27 18:27:40,636 [INFO] PinOutPanel:1499 - setPackage(No Configuration,No Configuration)
2024-10-27 18:27:40,686 [INFO] CADModel:165 - CPN selected for project level
2024-10-27 18:27:40,686 [INFO] CADModel:114 - Register for checkConnection events
2024-10-27 18:27:40,726 [INFO] IPUIPlugin:80 - create IPUIPlugin
2024-10-27 18:27:40,726 [INFO] PluginManager:220 - loadIPPluginJar : add adc
2024-10-27 18:27:40,737 [INFO] IPUIPlugin:80 - create IPUIPlugin
2024-10-27 18:27:40,737 [INFO] PluginManager:220 - loadIPPluginJar : add aes
2024-10-27 18:27:40,752 [INFO] IPUIPlugin:80 - create IPUIPlugin
2024-10-27 18:27:40,752 [INFO] PluginManager:220 - loadIPPluginJar : add can
2024-10-27 18:27:40,761 [INFO] IPUIPlugin:80 - create IPUIPlugin
2024-10-27 18:27:40,762 [INFO] PluginManager:220 - loadIPPluginJar : add comp
2024-10-27 18:27:40,774 [INFO] IPUIPlugin:80 - create IPUIPlugin
2024-10-27 18:27:40,774 [INFO] PluginManager:220 - loadIPPluginJar : add cryp
2024-10-27 18:27:40,787 [INFO] IPUIPlugin:80 - create IPUIPlugin
2024-10-27 18:27:40,787 [INFO] PluginManager:220 - loadIPPluginJar : add dfsdm
2024-10-27 18:27:40,817 [INFO] IPUIPlugin:80 - create IPUIPlugin
2024-10-27 18:27:40,817 [INFO] PluginManager:220 - loadIPPluginJar : add dma
2024-10-27 18:27:40,836 [INFO] IPUIPlugin:80 - create IPUIPlugin
2024-10-27 18:27:40,836 [INFO] PluginManager:220 - loadIPPluginJar : add dma3
2024-10-27 18:27:40,843 [INFO] IPUIPlugin:80 - create IPUIPlugin
2024-10-27 18:27:40,843 [INFO] PluginManager:220 - loadIPPluginJar : add fatfs
2024-10-27 18:27:40,859 [INFO] IPUIPlugin:80 - create IPUIPlugin
2024-10-27 18:27:40,859 [INFO] PluginManager:220 - loadIPPluginJar : add fmc
2024-10-27 18:27:40,866 [INFO] IPUIPlugin:80 - create IPUIPlugin
2024-10-27 18:27:40,866 [INFO] PluginManager:220 - loadIPPluginJar : add freertos
2024-10-27 18:27:40,874 [INFO] IPUIPlugin:80 - create IPUIPlugin
2024-10-27 18:27:40,874 [INFO] PluginManager:220 - loadIPPluginJar : add genericplugin
2024-10-27 18:27:40,904 [INFO] IPUIPlugin:80 - create IPUIPlugin
2024-10-27 18:27:40,904 [INFO] PluginManager:220 - loadIPPluginJar : add gfxmmu
2024-10-27 18:27:40,943 [INFO] IPUIPlugin:80 - create IPUIPlugin
2024-10-27 18:27:40,943 [INFO] PluginManager:220 - loadIPPluginJar : add gic
2024-10-27 18:27:41,012 [INFO] IPUIPlugin:80 - create IPUIPlugin
2024-10-27 18:27:41,012 [INFO] PluginManager:220 - loadIPPluginJar : add gpio
2024-10-27 18:27:41,036 [INFO] IPUIPlugin:80 - create IPUIPlugin
2024-10-27 18:27:41,037 [INFO] PluginManager:220 - loadIPPluginJar : add gtzc
2024-10-27 18:27:41,048 [INFO] IPUIPlugin:80 - create IPUIPlugin
2024-10-27 18:27:41,048 [INFO] PluginManager:220 - loadIPPluginJar : add hash
2024-10-27 18:27:41,064 [INFO] IPUIPlugin:80 - create IPUIPlugin
2024-10-27 18:27:41,064 [INFO] PluginManager:220 - loadIPPluginJar : add i2c
2024-10-27 18:27:41,078 [INFO] IPUIPlugin:80 - create IPUIPlugin
2024-10-27 18:27:41,078 [INFO] PluginManager:220 - loadIPPluginJar : add i2s
2024-10-27 18:27:41,092 [INFO] IPUIPlugin:80 - create IPUIPlugin
2024-10-27 18:27:41,092 [INFO] PluginManager:220 - loadIPPluginJar : add i3c
2024-10-27 18:27:41,114 [INFO] IPUIPlugin:80 - create IPUIPlugin
2024-10-27 18:27:41,114 [INFO] PluginManager:220 - loadIPPluginJar : add ipddr
2024-10-27 18:27:41,144 [INFO] IPUIPlugin:80 - create IPUIPlugin
2024-10-27 18:27:41,144 [INFO] PluginManager:220 - loadIPPluginJar : add linkedlist
2024-10-27 18:27:41,160 [INFO] IPUIPlugin:80 - create IPUIPlugin
2024-10-27 18:27:41,160 [INFO] PluginManager:220 - loadIPPluginJar : add lorawan
2024-10-27 18:27:41,173 [INFO] IPUIPlugin:80 - create IPUIPlugin
2024-10-27 18:27:41,173 [INFO] PluginManager:220 - loadIPPluginJar : add ltdc
2024-10-27 18:27:41,233 [INFO] IPUIPlugin:80 - create IPUIPlugin
2024-10-27 18:27:41,233 [INFO] PluginManager:220 - loadIPPluginJar : add mdma
2024-10-27 18:27:41,302 [INFO] IPUIPlugin:80 - create IPUIPlugin
2024-10-27 18:27:41,302 [INFO] PluginManager:220 - loadIPPluginJar : add nvic
2024-10-27 18:27:41,313 [INFO] IPUIPlugin:80 - create IPUIPlugin
2024-10-27 18:27:41,313 [INFO] PluginManager:220 - loadIPPluginJar : add opamp
2024-10-27 18:27:41,333 [INFO] IPUIPlugin:80 - create IPUIPlugin
2024-10-27 18:27:41,333 [INFO] PluginManager:220 - loadIPPluginJar : add openamp
2024-10-27 18:27:41,348 [INFO] IPUIPlugin:80 - create IPUIPlugin
2024-10-27 18:27:41,348 [INFO] PluginManager:220 - loadIPPluginJar : add pdm2pcm
2024-10-27 18:27:41,412 [INFO] IPUIPlugin:80 - create IPUIPlugin
2024-10-27 18:27:41,413 [INFO] PluginManager:220 - loadIPPluginJar : add plateformsettings
2024-10-27 18:27:41,423 [INFO] IPUIPlugin:80 - create IPUIPlugin
2024-10-27 18:27:41,423 [INFO] PluginManager:220 - loadIPPluginJar : add quadspi
2024-10-27 18:27:41,429 [INFO] IPUIPlugin:80 - create IPUIPlugin
2024-10-27 18:27:41,429 [INFO] PluginManager:220 - loadIPPluginJar : add resmgrutility
2024-10-27 18:27:41,443 [INFO] IPUIPlugin:80 - create IPUIPlugin
2024-10-27 18:27:41,443 [INFO] PluginManager:220 - loadIPPluginJar : add sai
2024-10-27 18:27:41,456 [INFO] IPUIPlugin:80 - create IPUIPlugin
2024-10-27 18:27:41,456 [INFO] PluginManager:220 - loadIPPluginJar : add spi
2024-10-27 18:27:41,479 [INFO] IPUIPlugin:80 - create IPUIPlugin
2024-10-27 18:27:41,479 [INFO] PluginManager:220 - loadIPPluginJar : add stm32_wpan
2024-10-27 18:27:41,489 [INFO] IPUIPlugin:80 - create IPUIPlugin
2024-10-27 18:27:41,489 [INFO] PluginManager:220 - loadIPPluginJar : add tim
2024-10-27 18:27:41,508 [INFO] IPUIPlugin:80 - create IPUIPlugin
2024-10-27 18:27:41,508 [INFO] PluginManager:220 - loadIPPluginJar : add touchsensing
2024-10-27 18:27:41,518 [INFO] IPUIPlugin:80 - create IPUIPlugin
2024-10-27 18:27:41,518 [INFO] PluginManager:220 - loadIPPluginJar : add tracer_emb
2024-10-27 18:27:41,527 [INFO] IPUIPlugin:80 - create IPUIPlugin
2024-10-27 18:27:41,527 [INFO] PluginManager:220 - loadIPPluginJar : add ts
2024-10-27 18:27:41,535 [INFO] IPUIPlugin:80 - create IPUIPlugin
2024-10-27 18:27:41,535 [INFO] PluginManager:220 - loadIPPluginJar : add tsc
2024-10-27 18:27:41,544 [INFO] IPUIPlugin:80 - create IPUIPlugin
2024-10-27 18:27:41,544 [INFO] PluginManager:220 - loadIPPluginJar : add ucpd
2024-10-27 18:27:41,558 [INFO] IPUIPlugin:80 - create IPUIPlugin
2024-10-27 18:27:41,558 [INFO] PluginManager:220 - loadIPPluginJar : add usart
2024-10-27 18:27:41,573 [INFO] IPUIPlugin:80 - create IPUIPlugin
2024-10-27 18:27:41,573 [INFO] PluginManager:220 - loadIPPluginJar : add usbx
2024-10-27 18:27:41,683 [INFO] CADModel:165 - CPN selected for project level
2024-10-27 18:27:41,683 [INFO] CADModel:114 - Register for checkConnection events
2024-10-27 18:27:41,683 [FATAL] Updater:308 - Updater called before beeing initialized
2024-10-27 18:27:41,683 [ERROR] CADModel:125 - Updater not yet initialized, retry later 
2024-10-27 18:27:41,781 [INFO] CADModel:165 - CPN selected for project level
2024-10-27 18:27:41,781 [INFO] CADModel:114 - Register for checkConnection events
2024-10-27 18:27:41,781 [FATAL] Updater:308 - Updater called before beeing initialized
2024-10-27 18:27:41,781 [ERROR] CADModel:125 - Updater not yet initialized, retry later 
2024-10-27 18:27:41,783 [FATAL] Updater:308 - Updater called before beeing initialized
2024-10-27 18:27:41,861 [FATAL] Updater:308 - Updater called before beeing initialized
2024-10-27 18:27:41,867 [INFO] DbMcusAds:53 - JSON generation date=Fri Sep 20 15:04:23 CEST 2024 (1726837463113)
2024-10-27 18:27:41,867 [FATAL] Updater:308 - Updater called before beeing initialized
2024-10-27 18:27:41,947 [WARN] DetailPanel:346 - Failed to get advertising image, set to default
2024-10-27 18:27:42,030 [FATAL] Updater:308 - Updater called before beeing initialized
2024-10-27 18:27:42,031 [FATAL] Updater:308 - Updater called before beeing initialized
2024-10-27 18:27:42,031 [FATAL] Updater:308 - Updater called before beeing initialized
2024-10-27 18:27:42,031 [WARN] DetailPanel:346 - Failed to get advertising image, set to default
2024-10-27 18:27:42,032 [FATAL] Updater:308 - Updater called before beeing initialized
2024-10-27 18:27:42,094 [ERROR] Updater:1120 - MainUpdater not yet initialized. External WinMGr cannot be set.
2024-10-27 18:27:42,100 [INFO] Updater:1056 - Updater Version found : 6.10.0
2024-10-27 18:27:42,112 [INFO] ApplicationProperties:184 - Using Application install path: C:\ST\STM32CubeIDE_1.14.1\STM32CubeIDE\plugins\com.st.stm32cube.common.mx_6.10.0.202311202037
2024-10-27 18:27:42,356 [INFO] MainUpdater:2873 - connection check result : 10
2024-10-27 18:27:42,356 [INFO] MainUpdater:3567 - Updater definition file requires update
2024-10-27 18:27:42,357 [INFO] MainUpdater:290 - Updater Check For Update Now.
2024-10-27 18:27:42,357 [INFO] MicroXplorer:498 - Change Database Version : DB.6.0.100
2024-10-27 18:27:42,363 [INFO] McuFinderGlobals:63 - Set McuFinder mode to 2 (CubeIDE integrated)
2024-10-27 18:27:42,434 [INFO] ServerAccessManage:473 - Download File updaters.zip
2024-10-27 18:27:42,561 [INFO] FileExtend:240 - Unzip File : updaters.zip
2024-10-27 18:27:42,561 [INFO] FileExtend:255 - Standard Zip Deflate
2024-10-27 18:27:42,614 [INFO] UserAuth:404 - Internet connection configuration mode: 1
2024-10-27 18:27:42,629 [INFO] JxBrowserEngine:152 - Initiate JxBrowser Engine with user profile folder
2024-10-27 18:27:42,778 [INFO] ServerAccessManage:473 - Download File PacksControlFlags.xml
2024-10-27 18:27:42,867 [INFO] ServerAccessManage:473 - Download File cubemx.pidx
2024-10-27 18:27:42,933 [INFO] LoadServerUpdatesThread:375 - End of LoadServerUpdate Thread
2024-10-27 18:27:43,083 [INFO] CheckServerUpdateThread:120 - End of CheckServer Thread
2024-10-27 18:27:43,450 [WARN] PackLoader:240 - Cannot read IP mode file for STMicroelectronics.FP-SNS-MOTENVWB1.1.4.0
2024-10-27 18:27:43,462 [WARN] PackLoader:240 - Cannot read IP mode file for STMicroelectronics.X-CUBE-SMBUS.2.1.0
2024-10-27 18:27:43,474 [WARN] PackLoader:240 - Cannot read IP mode file for STMicroelectronics.X-CUBE-WB05N.1.1.0
2024-10-27 18:27:43,483 [WARN] PackLoader:240 - Cannot read IP mode file for STMicroelectronics.X-CUBE-TOUCHGFX.4.23.0
2024-10-27 18:27:43,489 [WARN] PackLoader:240 - Cannot read IP mode file for STMicroelectronics.X-CUBE-TOUCHGFX.4.23.2
2024-10-27 18:27:43,519 [WARN] PackLoader:240 - Cannot read IP mode file for STMicroelectronics.X-CUBE-AZRTOS-F7.1.1.0
2024-10-27 18:27:43,531 [WARN] PackLoader:240 - Cannot read IP mode file for STMicroelectronics.FP-SNS-MOTENV1.4.3.2
2024-10-27 18:27:43,596 [WARN] PackLoader:240 - Cannot read IP mode file for STMicroelectronics.X-CUBE-MEMS1.11.0.0
2024-10-27 18:27:43,718 [WARN] PackLoader:240 - Cannot read IP mode file for STMicroelectronics.FP-SNS-FLIGHT1.5.0.2
2024-10-27 18:27:43,729 [WARN] PackLoader:240 - Cannot read IP mode file for STMicroelectronics.X-CUBE-DISPLAY.3.0.0
2024-10-27 18:27:43,739 [WARN] PackLoader:240 - Cannot read IP mode file for STMicroelectronics.X-CUBE-BLE1.7.0.0
2024-10-27 18:27:43,748 [WARN] PackLoader:240 - Cannot read IP mode file for STMicroelectronics.X-CUBE-NFC10.1.0.0
2024-10-27 18:27:43,760 [WARN] PackLoader:240 - Cannot read IP mode file for emotas.I-CUBE-CANOPEN.1.3.0
2024-10-27 18:27:43,801 [WARN] PackLoader:240 - Cannot read IP mode file for STMicroelectronics.X-CUBE-MEMS1.9.3.0
2024-10-27 18:27:44,122 [WARN] PackLoader:240 - Cannot read IP mode file for STMicroelectronics.X-CUBE-BLEMGR.3.1.0
2024-10-27 18:27:44,132 [WARN] PackLoader:240 - Cannot read IP mode file for STMicroelectronics.FP-SNS-SMARTAG2.1.2.0
2024-10-27 18:27:44,149 [INFO] LogOutputStream:77 - [STDOUT_REDIRECT] 1 : Invalid condition id : UX_CORESTACK_Condition cause : null
2024-10-27 18:27:44,149 [INFO] LogOutputStream:77 - [STDOUT_REDIRECT] 1 : Invalid condition id : UX_CORESTACK_Condition cause : null
2024-10-27 18:27:44,151 [INFO] LogOutputStream:77 - [STDOUT_REDIRECT] 1 : Invalid condition id : UX_CORESTACK_Condition cause : null
2024-10-27 18:27:44,152 [INFO] LogOutputStream:77 - [STDOUT_REDIRECT] 1 : Invalid condition id : UX_CORESTACK_Condition cause : null
2024-10-27 18:27:44,154 [INFO] LogOutputStream:77 - [STDOUT_REDIRECT] 1 : Invalid condition id : UX_CORESTACK_Condition cause : null
2024-10-27 18:27:44,156 [WARN] PackLoader:240 - Cannot read IP mode file for STMicroelectronics.X-CUBE-AZRTOS-WL.2.0.0
2024-10-27 18:27:44,164 [WARN] PackLoader:240 - Cannot read IP mode file for STMicroelectronics.FP-SNS-MOTENV1.5.0.0
2024-10-27 18:27:44,171 [WARN] PackLoader:240 - Cannot read IP mode file for wolfSSL.I-CUBE-wolfMQTT.1.19.0
2024-10-27 18:27:44,181 [WARN] PackLoader:240 - Cannot read IP mode file for WES.I-CUBE-Cesium.1.3.0
2024-10-27 18:27:44,190 [WARN] PackLoader:240 - Cannot read IP mode file for STMicroelectronics.X-CUBE-BLE2.3.3.0
2024-10-27 18:27:44,202 [WARN] PackLoader:240 - Cannot read IP mode file for STMicroelectronics.X-CUBE-NFC9.1.0.0
2024-10-27 18:27:44,261 [WARN] PackLoader:240 - Cannot read IP mode file for STMicroelectronics.X-CUBE-TCPP.4.1.0
2024-10-27 18:27:44,272 [WARN] PackLoader:240 - Cannot read IP mode file for STMicroelectronics.X-CUBE-ALGOBUILD.1.3.0
2024-10-27 18:27:44,320 [WARN] PackLoader:240 - Cannot read IP mode file for STMicroelectronics.X-CUBE-AZRTOS-G0.1.1.0
2024-10-27 18:27:44,390 [WARN] PackLoader:240 - Cannot read IP mode file for STMicroelectronics.X-CUBE-SAFEA1.1.2.2
2024-10-27 18:27:44,400 [WARN] PackLoader:240 - Cannot read IP mode file for STMicroelectronics.X-CUBE-NFC4.3.0.0
2024-10-27 18:27:44,412 [WARN] PackLoader:240 - Cannot read IP mode file for EmbeddedOffice.I-CUBE-FS-RTOS.1.0.1
2024-10-27 18:27:44,413 [ERROR] ConditionMgr:805 - Attr not supported : Dmpu
2024-10-27 18:27:44,413 [ERROR] ConditionMgr:805 - Attr not supported : Dmpu
2024-10-27 18:27:44,413 [ERROR] ConditionMgr:805 - Attr not supported : Dmpu
2024-10-27 18:27:44,413 [ERROR] ConditionMgr:805 - Attr not supported : Dmpu
2024-10-27 18:27:44,413 [ERROR] ConditionMgr:805 - Attr not supported : Dmpu
2024-10-27 18:27:44,413 [ERROR] ConditionMgr:805 - Attr not supported : Dmpu
2024-10-27 18:27:44,413 [ERROR] ConditionMgr:805 - Attr not supported : Dmpu
2024-10-27 18:27:44,413 [ERROR] ConditionMgr:805 - Attr not supported : Dmpu
2024-10-27 18:27:44,413 [ERROR] ConditionMgr:805 - Attr not supported : Dmpu
2024-10-27 18:27:44,413 [ERROR] ConditionMgr:805 - Attr not supported : Dmpu
2024-10-27 18:27:44,413 [ERROR] ConditionMgr:805 - Attr not supported : Dmpu
2024-10-27 18:27:44,414 [ERROR] ConditionMgr:805 - Attr not supported : Dmpu
2024-10-27 18:27:44,414 [ERROR] ConditionMgr:805 - Attr not supported : Dmpu
2024-10-27 18:27:44,414 [ERROR] ConditionMgr:805 - Attr not supported : Dmpu
2024-10-27 18:27:44,414 [ERROR] ConditionMgr:805 - Attr not supported : Dmpu
2024-10-27 18:27:44,414 [ERROR] ConditionMgr:805 - Attr not supported : Dmpu
2024-10-27 18:27:44,414 [ERROR] ConditionMgr:805 - Attr not supported : Dmpu
2024-10-27 18:27:44,414 [ERROR] ConditionMgr:805 - Attr not supported : Dmpu
2024-10-27 18:27:44,414 [ERROR] ConditionMgr:805 - Attr not supported : Dmpu
2024-10-27 18:27:44,414 [ERROR] ConditionMgr:805 - Attr not supported : Dmpu
2024-10-27 18:27:44,414 [ERROR] ConditionMgr:805 - Attr not supported : Dmpu
2024-10-27 18:27:44,414 [ERROR] ConditionMgr:805 - Attr not supported : Dmpu
2024-10-27 18:27:44,415 [ERROR] ConditionMgr:805 - Attr not supported : Dmpu
2024-10-27 18:27:44,415 [ERROR] ConditionMgr:805 - Attr not supported : Dmpu
2024-10-27 18:27:44,415 [ERROR] ConditionMgr:805 - Attr not supported : Dmpu
2024-10-27 18:27:44,415 [ERROR] ConditionMgr:805 - Attr not supported : Dmpu
2024-10-27 18:27:44,415 [ERROR] ConditionMgr:805 - Attr not supported : Dmpu
2024-10-27 18:27:44,415 [ERROR] ConditionMgr:805 - Attr not supported : Dmpu
2024-10-27 18:27:44,415 [ERROR] ConditionMgr:805 - Attr not supported : Dmpu
2024-10-27 18:27:44,415 [ERROR] ConditionMgr:805 - Attr not supported : Dmpu
2024-10-27 18:27:44,415 [ERROR] ConditionMgr:805 - Attr not supported : Dmpu
2024-10-27 18:27:44,415 [ERROR] ConditionMgr:805 - Attr not supported : Dmpu
2024-10-27 18:27:44,415 [ERROR] ConditionMgr:805 - Attr not supported : Dmpu
2024-10-27 18:27:44,415 [ERROR] ConditionMgr:805 - Attr not supported : Dmpu
2024-10-27 18:27:44,415 [ERROR] ConditionMgr:805 - Attr not supported : Dmpu
2024-10-27 18:27:44,415 [ERROR] ConditionMgr:805 - Attr not supported : Dmpu
2024-10-27 18:27:44,416 [ERROR] ConditionMgr:805 - Attr not supported : Dmpu
2024-10-27 18:27:44,416 [ERROR] ConditionMgr:805 - Attr not supported : Dmpu
2024-10-27 18:27:44,416 [ERROR] ConditionMgr:805 - Attr not supported : Dmpu
2024-10-27 18:27:44,416 [ERROR] ConditionMgr:805 - Attr not supported : Dmpu
2024-10-27 18:27:44,416 [ERROR] ConditionMgr:805 - Attr not supported : Dmpu
2024-10-27 18:27:44,416 [ERROR] ConditionMgr:805 - Attr not supported : Dmpu
2024-10-27 18:27:44,416 [ERROR] ConditionMgr:805 - Attr not supported : Dmpu
2024-10-27 18:27:44,416 [ERROR] ConditionMgr:805 - Attr not supported : Dmpu
2024-10-27 18:27:44,416 [ERROR] ConditionMgr:805 - Attr not supported : Dmpu
2024-10-27 18:27:44,416 [ERROR] ConditionMgr:805 - Attr not supported : Dmpu
2024-10-27 18:27:44,416 [ERROR] ConditionMgr:805 - Attr not supported : Dmpu
2024-10-27 18:27:44,416 [ERROR] ConditionMgr:805 - Attr not supported : Dmpu
2024-10-27 18:27:44,416 [ERROR] ConditionMgr:805 - Attr not supported : Dmpu
2024-10-27 18:27:44,417 [ERROR] ConditionMgr:805 - Attr not supported : Dmpu
2024-10-27 18:27:44,417 [ERROR] ConditionMgr:805 - Attr not supported : Dmpu
2024-10-27 18:27:44,417 [ERROR] ConditionMgr:805 - Attr not supported : Dmpu
2024-10-27 18:27:44,417 [ERROR] ConditionMgr:805 - Attr not supported : Dmpu
2024-10-27 18:27:44,417 [ERROR] ConditionMgr:805 - Attr not supported : Dmpu
2024-10-27 18:27:44,417 [ERROR] ConditionMgr:805 - Attr not supported : Dmpu
2024-10-27 18:27:44,417 [ERROR] ConditionMgr:805 - Attr not supported : Dmpu
2024-10-27 18:27:44,417 [ERROR] ConditionMgr:805 - Attr not supported : Dmpu
2024-10-27 18:27:44,417 [ERROR] ConditionMgr:805 - Attr not supported : Dmpu
2024-10-27 18:27:44,417 [ERROR] ConditionMgr:805 - Attr not supported : Dmpu
2024-10-27 18:27:44,417 [ERROR] ConditionMgr:805 - Attr not supported : Dmpu
2024-10-27 18:27:44,417 [ERROR] ConditionMgr:805 - Attr not supported : Dmpu
2024-10-27 18:27:44,418 [ERROR] ConditionMgr:805 - Attr not supported : Dmpu
2024-10-27 18:27:44,418 [ERROR] ConditionMgr:805 - Attr not supported : Dmpu
2024-10-27 18:27:44,418 [ERROR] ConditionMgr:805 - Attr not supported : Dmpu
2024-10-27 18:27:44,427 [WARN] PackLoader:240 - Cannot read IP mode file for RealThread.X-CUBE-RT-Thread_Nano.4.1.1
2024-10-27 18:27:44,434 [WARN] PackLoader:240 - Cannot read IP mode file for STMicroelectronics.FP-ATR-SIGFOX1.3.2.0
2024-10-27 18:27:44,444 [WARN] PackLoader:240 - Cannot read IP mode file for STMicroelectronics.X-CUBE-EEPRMA1.5.1.0
2024-10-27 18:27:44,488 [WARN] PackLoader:240 - Cannot read IP mode file for SEGGER.I-CUBE-embOS.1.3.1
2024-10-27 18:27:44,543 [WARN] PackLoader:240 - Cannot read IP mode file for STMicroelectronics.X-CUBE-ALGOBUILD.1.4.0
2024-10-27 18:27:44,554 [WARN] PackLoader:240 - Cannot read IP mode file for STMicroelectronics.X-CUBE-AI.9.1.0
2024-10-27 18:27:44,594 [WARN] PackLoader:240 - Cannot read IP mode file for STMicroelectronics.X-CUBE-GNSS1.6.0.0
2024-10-27 18:27:44,621 [INFO] WebApp:161 - Instantiating new browser for Auth
2024-10-27 18:27:44,623 [WARN] PackLoader:240 - Cannot read IP mode file for STMicroelectronics.X-CUBE-AZRTOS-F4.1.1.0
2024-10-27 18:27:44,636 [WARN] PackLoader:240 - Cannot read IP mode file for STMicroelectronics.X-CUBE-ISPU.2.1.0
2024-10-27 18:27:44,647 [WARN] PackLoader:240 - Cannot read IP mode file for STMicroelectronics.X-CUBE-FREERTOS.1.2.0
2024-10-27 18:27:44,657 [WARN] PackLoader:240 - Cannot read IP mode file for wolfSSL.I-CUBE-wolfSSL.5.6.6
2024-10-27 18:27:44,687 [WARN] PackLoader:240 - Cannot read IP mode file for STMicroelectronics.X-CUBE-AZRTOS-L5.2.0.0
2024-10-27 18:27:44,747 [WARN] PackLoader:240 - Cannot read IP mode file for STMicroelectronics.X-CUBE-MEMS1.9.6.0
2024-10-27 18:27:44,908 [WARN] PackLoader:240 - Cannot read IP mode file for STMicroelectronics.X-CUBE-NFC6.3.1.0
2024-10-27 18:27:44,920 [WARN] PackLoader:240 - Cannot read IP mode file for ITTIA_DB.I-CUBE-ITTIADB.8.8.0
2024-10-27 18:27:44,930 [WARN] PackLoader:240 - Cannot read IP mode file for STMicroelectronics.X-CUBE-DPower.1.2.0
2024-10-27 18:27:44,940 [WARN] PackLoader:240 - Cannot read IP mode file for STMicroelectronics.X-CUBE-AI.9.0.0
2024-10-27 18:27:44,949 [WARN] PackLoader:240 - Cannot read IP mode file for STMicroelectronics.X-CUBE-NFC7.1.0.1
2024-10-27 18:27:44,959 [WARN] PackLoader:240 - Cannot read IP mode file for STMicroelectronics.X-CUBE-NFC6.3.0.0
2024-10-27 18:27:44,966 [WARN] PackLoader:240 - Cannot read IP mode file for STMicroelectronics.X-CUBE-AI.8.1.0
2024-10-27 18:27:44,992 [WARN] ConditionMgr:438 - getConditionDescription Invalid condition id : LAN8742 Phy interface Condition cause : null
2024-10-27 18:27:44,992 [WARN] PackLoader:240 - Cannot read IP mode file for STMicroelectronics.X-CUBE-AZRTOS-L4.2.0.0
2024-10-27 18:27:44,993 [WARN] ConditionMgr:1039 - genDependencies : Invalid condition id : LAN8742 Phy interface Condition cause : null
2024-10-27 18:27:44,993 [WARN] ConditionMgr:1039 - genDependencies : Invalid condition id : LAN8742 Phy interface Condition cause : null
2024-10-27 18:27:44,993 [WARN] ConditionMgr:1039 - genDependencies : Invalid condition id : LAN8742 Phy interface Condition cause : null
2024-10-27 18:27:45,003 [WARN] PackLoader:240 - Cannot read IP mode file for STMicroelectronics.X-CUBE-SFXS2LP1.4.0.0
2024-10-27 18:27:45,024 [WARN] PackLoader:240 - Cannot read IP mode file for STMicroelectronics.X-CUBE-AZRTOS-H7.3.3.0
2024-10-27 18:27:45,038 [WARN] PackLoader:240 - Cannot read IP mode file for STMicroelectronics.X-CUBE-IPS.3.0.0
2024-10-27 18:27:45,056 [WARN] ConditionMgr:438 - getConditionDescription Invalid condition id : UX DEVICE CLASS RTOS Condition cause : null
2024-10-27 18:27:45,056 [WARN] ConditionMgr:438 - getConditionDescription Invalid condition id : UX DEVICE CLASS RTOS Condition cause : null
2024-10-27 18:27:45,058 [WARN] PackLoader:240 - Cannot read IP mode file for STMicroelectronics.X-CUBE-AZRTOS-WB.2.0.0
2024-10-27 18:27:45,058 [WARN] ConditionMgr:1039 - genDependencies : Invalid condition id : UX DEVICE CLASS RTOS Condition cause : null
2024-10-27 18:27:45,058 [WARN] ConditionMgr:1039 - genDependencies : Invalid condition id : UX DEVICE CLASS RTOS Condition cause : null
2024-10-27 18:27:45,058 [WARN] ConditionMgr:1039 - genDependencies : Invalid condition id : UX DEVICE CLASS RTOS Condition cause : null
2024-10-27 18:27:45,058 [WARN] ConditionMgr:1039 - genDependencies : Invalid condition id : UX DEVICE CLASS RTOS Condition cause : null
2024-10-27 18:27:45,058 [WARN] ConditionMgr:1039 - genDependencies : Invalid condition id : UX DEVICE CLASS RTOS Condition cause : null
2024-10-27 18:27:45,066 [WARN] PackLoader:240 - Cannot read IP mode file for STMicroelectronics.X-CUBE-GNSS1.7.0.0
2024-10-27 18:27:45,076 [WARN] PackLoader:240 - Cannot read IP mode file for STMicroelectronics.FP-SNS-STBOX1.2.0.0
2024-10-27 18:27:45,088 [WARN] PackLoader:240 - Cannot read IP mode file for STMicroelectronics.X-CUBE-SUBG2.5.0.0
2024-10-27 18:27:45,095 [INFO] WebApp:780 - Register for checkConnection events
2024-10-27 18:27:45,096 [INFO] WebApp:414 - Apply proxy settings
2024-10-27 18:27:45,096 [INFO] WebApp:499 - Chromium requires no authentication
2024-10-27 18:27:45,101 [INFO] WebApp:442 - Direct internet connection detected
2024-10-27 18:27:45,110 [WARN] PackLoader:240 - Cannot read IP mode file for STMicroelectronics.X-CUBE-AZRTOS-G4.2.0.0
2024-10-27 18:27:45,126 [WARN] PackLoader:240 - Cannot read IP mode file for Infineon.AIROC-Wi-Fi-Bluetooth-STM32.1.5.1
2024-10-27 18:27:45,134 [WARN] PackLoader:240 - Cannot read IP mode file for STMicroelectronics.FP-SNS-MOTENVWB1.1.3.1
2024-10-27 18:27:45,140 [WARN] PackLoader:240 - Cannot read IP mode file for STMicroelectronics.X-CUBE-ISPU.2.0.0
2024-10-27 18:27:45,148 [WARN] PackLoader:240 - Cannot read IP mode file for STMicroelectronics.X-CUBE-ALS.1.0.2
2024-10-27 18:27:45,178 [WARN] PackLoader:240 - Cannot read IP mode file for STMicroelectronics.X-CUBE-MEMS1.10.0.0
2024-10-27 18:27:45,221 [INFO] WebApp:192 - Starting web application
2024-10-27 18:27:45,221 [INFO] WebApp:544 - Web application path used C:\ST\STM32CubeIDE_1.14.1\STM32CubeIDE\plugins\com.st.stm32cube.common.mx_6.10.0.202311202037\db\plugins\mcufinder\reactClient1\index.html
2024-10-27 18:27:45,338 [WARN] PackLoader:240 - Cannot read IP mode file for STMicroelectronics.X-CUBE-FREERTOS.1.1.0
2024-10-27 18:27:45,345 [WARN] PackLoader:240 - Cannot read IP mode file for STMicroelectronics.X-CUBE-TOUCHGFX.4.24.0
2024-10-27 18:27:45,354 [WARN] PackLoader:240 - Cannot read IP mode file for STMicroelectronics.X-CUBE-TOUCHGFX.4.24.1
2024-10-27 18:27:45,362 [WARN] PackLoader:240 - Cannot read IP mode file for wolfSSL.I-CUBE-wolfTPM.3.4.0
2024-10-27 18:27:45,372 [WARN] PackLoader:240 - Cannot read IP mode file for portGmbH.I-Cube-SoM-uGOAL.1.1.0
2024-10-27 18:27:45,379 [WARN] PackLoader:240 - Cannot read IP mode file for STMicroelectronics.X-CUBE-ALS.1.0.1
2024-10-27 18:27:45,403 [WARN] PackLoader:240 - Cannot read IP mode file for STMicroelectronics.X-CUBE-AZRTOS-H7RS.1.0.0
2024-10-27 18:27:45,412 [WARN] PackLoader:240 - Cannot read IP mode file for STMicroelectronics.FP-ATR-ASTRA1.2.0.0
2024-10-27 18:27:45,426 [WARN] PackLoader:240 - Cannot read IP mode file for STMicroelectronics.X-CUBE-TOF1.3.4.2
2024-10-27 18:27:45,448 [WARN] PackLoader:240 - Cannot read IP mode file for STMicroelectronics.X-CUBE-TOF1.3.4.1
2024-10-27 18:27:45,479 [WARN] PackLoader:240 - Cannot read IP mode file for STMicroelectronics.X-CUBE-AZRTOS-H7.3.2.0
2024-10-27 18:27:45,488 [WARN] PackLoader:240 - Cannot read IP mode file for wolfSSL.I-CUBE-wolfSSH.1.4.17
2024-10-27 18:27:45,488 [INFO] ThirdParty:978 - Integrity check success = true
2024-10-27 18:27:45,488 [INFO] IntegrityCheckThread:100 - exiting critical section [integrity check]
2024-10-27 18:27:45,488 [INFO] IntegrityCheckThread:103 - End integrity checks thread
2024-10-27 18:28:05,841 [ERROR] LogOutputStream:75 - [STDERR_REDIRECT] SLF4J: Failed to load class "org.slf4j.impl.StaticLoggerBinder".
2024-10-27 18:28:05,841 [ERROR] LogOutputStream:75 - [STDERR_REDIRECT] SLF4J: Defaulting to no-operation (NOP) logger implementation
2024-10-27 18:28:05,842 [ERROR] LogOutputStream:75 - [STDERR_REDIRECT] SLF4J: See http://www.slf4j.org/codes.html#StaticLoggerBinder for further details.
2024-10-27 18:37:48,906 [INFO] McuFinderGlobals:63 - Set McuFinder mode to 2 (CubeIDE integrated)
2024-10-27 18:37:48,917 [INFO] MainUpdater:2873 - connection check result : 10
2024-10-27 18:37:48,920 [INFO] MainUpdater:2873 - connection check result : 10
2024-10-27 18:37:49,030 [INFO] MicroXplorer:468 - Change Database Path : 
2024-10-27 18:37:49,030 [INFO] MicroXplorer:498 - Change Database Version : DB.6.0.100
2024-10-27 18:37:49,034 [WARN] ThirdParty:871 - waiting for thirdparty lock release [close project]
2024-10-27 18:37:49,035 [INFO] ThirdParty:873 - entering critical section [close project]
2024-10-27 18:37:49,036 [INFO] ThirdParty:883 - exiting critical section [close project]
2024-10-27 18:37:49,037 [INFO] PinOutPanel:1499 - setPackage(No Configuration,No Configuration)
2024-10-27 18:37:49,039 [INFO] UtilMem:75 - Begin LoadConfig() Used Memory: 607131152 Bytes (1073741824)
2024-10-27 18:37:49,039 [INFO] MicroXplorer:468 - Change Database Path : 
2024-10-27 18:37:49,039 [INFO] MicroXplorer:498 - Change Database Version : DB.6.0.100
2024-10-27 18:37:49,039 [INFO] OpenFileManager:312 - Change cursor
2024-10-27 18:37:49,067 [INFO] Mcu:2016 - Initializing MCU STM32L475V(C-E-G)Tx STM32L475VGTx STM32L475VGT6
2024-10-27 18:37:50,759 [INFO] Context:659 - Trying to add GPIOservice into a context  which must be forbidden
2024-10-27 18:37:51,530 [INFO] RtosManager:555 - Registered RTOS mode: class=CMSIS, group=RTOS, mode=CMSIS_V1, owner=FREERTOS
2024-10-27 18:37:51,531 [INFO] RtosManager:555 - Registered RTOS mode: class=CMSIS, group=RTOS2, mode=CMSIS_V2, owner=FREERTOS
2024-10-27 18:37:51,531 [INFO] RtosManager:555 - Registered RTOS mode: class=RTOS, group=Core, mode=CMSIS_V1, owner=FREERTOS
2024-10-27 18:37:51,531 [INFO] RtosManager:555 - Registered RTOS mode: class=RTOS, group=Core, mode=CMSIS_V2, owner=FREERTOS
2024-10-27 18:37:51,531 [WARN] ModelIntegratedComponent:184 - Missing modes for component STMicroelectronics:FreeRTOS:0.0.1:STMicroelectronics:RTOS:FreeRTOS:Core:::10.2.0:
2024-10-27 18:37:51,540 [WARN] ModelIntegratedComponent:63 - No mode defined for component null
2024-10-27 18:37:51,540 [WARN] ModelIntegratedComponent:63 - No mode defined for component null
2024-10-27 18:37:51,540 [WARN] ModelIntegratedComponent:63 - No mode defined for component null
2024-10-27 18:37:51,540 [WARN] ModelIntegratedComponent:63 - No mode defined for component null
2024-10-27 18:37:51,541 [WARN] ModelIntegratedComponent:63 - No mode defined for component null
2024-10-27 18:37:51,541 [WARN] ModelIntegratedComponent:63 - No mode defined for component null
2024-10-27 18:37:51,541 [WARN] ModelIntegratedComponent:63 - No mode defined for component null
2024-10-27 18:37:51,541 [WARN] ModelIntegratedComponent:63 - No mode defined for component null
2024-10-27 18:37:51,541 [WARN] ModelIntegratedComponent:63 - No mode defined for component null
2024-10-27 18:37:51,541 [WARN] ModelIntegratedComponent:63 - No mode defined for component null
2024-10-27 18:37:51,541 [WARN] ModelIntegratedComponent:63 - No mode defined for component null
2024-10-27 18:37:51,541 [WARN] ModelIntegratedComponent:63 - No mode defined for component null
2024-10-27 18:37:51,541 [WARN] ModelIntegratedComponent:63 - No mode defined for component null
2024-10-27 18:37:51,541 [WARN] ModelIntegratedComponent:63 - No mode defined for component null
2024-10-27 18:37:51,541 [WARN] ModelIntegratedComponent:63 - No mode defined for component null
2024-10-27 18:37:51,541 [WARN] ModelIntegratedComponent:63 - No mode defined for component null
2024-10-27 18:37:51,541 [WARN] ModelIntegratedComponent:63 - No mode defined for component null
2024-10-27 18:37:51,541 [WARN] ModelIntegratedComponent:63 - No mode defined for component null
2024-10-27 18:37:51,541 [WARN] ModelIntegratedComponent:63 - No mode defined for component null
2024-10-27 18:37:51,541 [WARN] ModelIntegratedComponent:63 - No mode defined for component null
2024-10-27 18:37:51,541 [WARN] ModelIntegratedComponent:63 - No mode defined for component null
2024-10-27 18:37:51,541 [WARN] ModelIntegratedComponent:63 - No mode defined for component null
2024-10-27 18:37:51,541 [WARN] ModelIntegratedComponent:63 - No mode defined for component null
2024-10-27 18:37:51,541 [WARN] ModelIntegratedComponent:63 - No mode defined for component null
2024-10-27 18:37:51,541 [WARN] ModelIntegratedComponent:63 - No mode defined for component null
2024-10-27 18:37:51,541 [WARN] ModelIntegratedComponent:63 - No mode defined for component null
2024-10-27 18:37:51,541 [WARN] ModelIntegratedComponent:63 - No mode defined for component null
2024-10-27 18:37:51,542 [WARN] ModelIntegratedComponent:63 - No mode defined for component null
2024-10-27 18:37:51,542 [WARN] ModelIntegratedComponent:63 - No mode defined for component null
2024-10-27 18:37:51,542 [WARN] ModelIntegratedComponent:63 - No mode defined for component null
2024-10-27 18:37:51,542 [WARN] ModelIntegratedComponent:63 - No mode defined for component null
2024-10-27 18:37:51,542 [WARN] ModelIntegratedComponent:63 - No mode defined for component null
2024-10-27 18:37:51,542 [WARN] ModelIntegratedComponent:63 - No mode defined for component null
2024-10-27 18:37:51,656 [INFO] ThirdPartyModel:298 - Start build external matchings
2024-10-27 18:37:52,816 [INFO] ThirdPartyModel:316 - End build external matchings
2024-10-27 18:37:53,166 [INFO] UtilMem:75 - End LoadConfig() Used Memory: 638105864 Bytes (1073741824)
2024-10-27 18:37:53,285 [INFO] ApiDb:581 - Connected to CubeFinder SQLite database (C:\Users\Ivan\.stmcufinder\plugins\mcufinder\mcu\cube-finder-db.db)
2024-10-27 18:37:53,347 [INFO] ApiDb:668 - CubeFinder database Data Model version=2.1
2024-10-27 18:37:53,348 [INFO] ApiDb:669 - CubeFinder database Configuration version=3.0.39
2024-10-27 18:37:53,348 [INFO] ApiDb:670 - CubeFinder database generation date=2024-09-16 (1726485674)
2024-10-27 18:37:53,348 [INFO] ApiDb:671 - CubeFinder database FW Pack versions=[FP-ATR-ASTRA1_V2.0.0, FP-SNS-FLIGHT1_V5.0.2, FP-SNS-MOTENV1_V5.0.0, FP-SNS-MOTENVWB1_V1.4.0, FP-SNS-SMARTAG2_V1.2.0, FP-SNS-STBOX1_V2.0.0, STM32Cube_FW_C0_V1.2.0, STM32Cube_FW_F4_V1.28.1, STM32Cube_FW_F7_V1.17.2, STM32Cube_FW_G0_V1.6.2, STM32Cube_FW_G4_V1.6.0, STM32Cube_FW_H5_V1.3.0, STM32Cube_FW_H7RS_V1.1.0, STM32Cube_FW_H7_V1.11.2, STM32Cube_FW_L0_V1.12.2, STM32Cube_FW_L5_V1.5.1, STM32Cube_FW_U0_V1.1.0, STM32Cube_FW_U5_V1.6.0, STM32Cube_FW_WB0_V1.0.0, STM32Cube_FW_WBA_V1.4.1, STM32Cube_FW_WB_V1.20.0, STM32Cube_FW_WL_V1.3.0, X-CUBE-ALGOBUILD_V1.4.0, X-CUBE-ALS_V1.0.2, X-CUBE-AZRTOS-F4_V1.1.0, X-CUBE-AZRTOS-F7_V1.1.0, X-CUBE-AZRTOS-G0_V1.1.0, X-CUBE-AZRTOS-G4_V2.0.0, X-CUBE-AZRTOS-H7RS_V1.0.0, X-CUBE-AZRTOS-H7_V3.2.0, X-CUBE-AZRTOS-L4_V2.0.0, X-CUBE-AZRTOS-L5_V2.0.0, X-CUBE-AZRTOS-WB_V2.0.0, X-CUBE-AZRTOS-WL_V2.0.0, X-CUBE-BLE1_V7.0.0, X-CUBE-BLE2_V3.3.0, X-CUBE-BLEMGR_V3.1.0, X-CUBE-EEPRMA1_V5.1.0, X-CUBE-FREERTOS_V1.2.0, X-CUBE-GNSS1_V6.0.0, X-CUBE-MEMS1_V11.0.0, X-CUBE-NFC4_V3.0.0, X-CUBE-NFC7_V1.0.1, X-CUBE-SFXS2LP1_V4.0.0, X-CUBE-SUBG2_V5.0.0, X-CUBE-TOF1_V3.4.2]
2024-10-27 18:37:55,380 [INFO] ApiDb:240 - Found 371 in-development CPN: [B-G473E-ZEST1S, B-WB1M-WPAN1, B-WL5M-SUBG1, NUCLEO-C031C6, NUCLEO-H503RB, NUCLEO-H563ZI, NUCLEO-U545RE-Q, NUCLEO-U5A5ZJ-Q, NUCLEO-WBA52CG, NUCLEO-WBA55CG, STEVAL-MKBOXPRO, STEVAL-PROTEUS1, STEVAL-STWINBX1, STM320518-EVAL, STM32C0116-DK, STM32C011D6Y3TR, STM32C011D6Y6TR, STM32C011F4P3, STM32C011F4P6, STM32C011F4U3, STM32C011F4U6TR, STM32C011F6P3, STM32C011F6P6, STM32C011F6U3, STM32C011F6U6TR, STM32C011J4M3, STM32C011J4M6, STM32C011J6M3, STM32C011J6M6, STM32C0316-DK, STM32C031C4T3, STM32C031C4T6, STM32C031C4U3, STM32C031C4U6, STM32C031C6T3, STM32C031C6T6, STM32C031C6U3, STM32C031C6U6, STM32C031F4P3, STM32C031F4P6, STM32C031F6P3, STM32C031F6P6, STM32C031G4U3, STM32C031G4U6, STM32C031G6U3, STM32C031G6U6, STM32C031K4T3, STM32C031K4T6, STM32C031K4U3, STM32C031K4U6, STM32C031K6T3, STM32C031K6T6, STM32C031K6U3, STM32C031K6U6, STM32G071K8TXN, STM32G071K8UXN, STM32G081GBU6N, STM32G081KBT6N, STM32G081KBUXN, STM32G0B1CCT6N, STM32G0B1KCT6, STM32G0B1NEY6TR, STM32G0B1RCT6N, STM32G0C1CCT6, STM32G0C1CCT6N, STM32G0C1CCU6N, STM32G0C1CET6N, STM32G0C1CEU6N, STM32G0C1KCT6, STM32G0C1NEY6TR, STM32G0C1RCI6N, STM32G0C1RCT6N, STM32G0C1REI6N, STM32G0C1RET6N, STM32G0C1VCI6, STM32G0C1VEI6, STM32G471CCT6, STM32G471CCU6, STM32G471CET3, STM32G471CET6, STM32G471CEU3, STM32G471CEU6, STM32G471MCT6, STM32G471MET3, STM32G471MET6, STM32G471MEY6TR, STM32G471QCT6, STM32G471QET3, STM32G471RCT6, STM32G471RET3, STM32G471RET6, STM32G471VCH6, STM32G471VCI6, STM32G471VCT6, STM32G471VEH3, STM32G471VEH6, STM32G471VEI3, STM32G471VEI6, STM32G471VET3, STM32G471VET6, STM32G474CCT6, STM32H503CBT6, STM32H503CBU6, STM32H503EBY6TR, STM32H503KBU6, STM32H503RBT6, STM32H562AGI6, STM32H562AII6, STM32H562IGK6, STM32H562IGT6, STM32H562IIK6, STM32H562IIT6, STM32H562RGT6, STM32H562RGV6, STM32H562RIT6, STM32H562RIV6, STM32H562VGT6, STM32H562VIT6, STM32H562ZGT6, STM32H562ZIT6, STM32H563AGI6, STM32H563AII3Q, STM32H563AII6, STM32H563IGK6, STM32H563IGT6, STM32H563IIK3Q, STM32H563IIK6, STM32H563IIT3Q, STM32H563IIT6, STM32H563MIY3QTR, STM32H563RGT6, STM32H563RGV6, STM32H563RIT6, STM32H563RIV6, STM32H563VGT6, STM32H563VIT3Q, STM32H563VIT6, STM32H563ZGT6, STM32H563ZIT3Q, STM32H563ZIT6, STM32H573AII3Q, STM32H573AII6, STM32H573I-DK, STM32H573IIK3Q, STM32H573IIK6, STM32H573IIT3Q, STM32H573IIT6, STM32H573MIY3QTR, STM32H573RIT6, STM32H573RIV6, STM32H573VIT3Q, STM32H573VIT6, STM32H573ZIT3Q, STM32H573ZIT6, STM32L4R5QGI6STR, STM32MP131AAE3, STM32MP131AAF3, STM32MP131AAG3, STM32MP131CAE3, STM32MP131CAF3, STM32MP131CAG3, STM32MP131DAE7, STM32MP131DAF7, STM32MP131DAG7, STM32MP131FAE7, STM32MP131FAF7, STM32MP131FAG7, STM32MP133AAE3, STM32MP133AAF3, STM32MP133AAG3, STM32MP133CAE3, STM32MP133CAF3, STM32MP133CAG3, STM32MP133DAE7, STM32MP133DAF7, STM32MP133DAG7, STM32MP133FAE7, STM32MP133FAF7, STM32MP133FAG7, STM32MP135AAE3, STM32MP135AAF3, STM32MP135AAG3, STM32MP135CAE3, STM32MP135CAF3, STM32MP135CAG3, STM32MP135DAE7, STM32MP135DAF7, STM32MP135DAG7, STM32MP135F-DK, STM32MP135FAE7, STM32MP135FAF7, STM32MP135FAF7T, STM32MP135FAF7U, STM32MP135FAG7, STM32U535CBT6, STM32U535CBT6Q, STM32U535CBU6, STM32U535CBU6Q, STM32U535CCT6, STM32U535CCT6Q, STM32U535CCU6, STM32U535CCU6Q, STM32U535CET6, STM32U535CET6Q, STM32U535CEU6, STM32U535CEU6Q, STM32U535JEY6QTR, STM32U535NCY6QTR, STM32U535NEY6QTR, STM32U535RBI6, STM32U535RBI6Q, STM32U535RBT6, STM32U535RBT6Q, STM32U535RCI6, STM32U535RCI6Q, STM32U535RCT6, STM32U535RCT6Q, STM32U535REI6, STM32U535REI6Q, STM32U535RET6, STM32U535RET6Q, STM32U535VCI6, STM32U535VCI6Q, STM32U535VCT6, STM32U535VCT6Q, STM32U535VEI6, STM32U535VEI6Q, STM32U535VET6, STM32U535VET6Q, STM32U545CET6, STM32U545CET6Q, STM32U545CEU6, STM32U545CEU6Q, STM32U545JEY6QTR, STM32U545NEY6QTR, STM32U545REI6, STM32U545REI6Q, STM32U545RET6, STM32U545RET6Q, STM32U545VEI6, STM32U545VEI6Q, STM32U545VET6, STM32U545VET6Q, STM32U595AIH6, STM32U595AIH6Q, STM32U595AJH6, STM32U595AJH6Q, STM32U595QII6, STM32U595QII6Q, STM32U595QJI6, STM32U595QJI6Q, STM32U595RIT6, STM32U595RIT6Q, STM32U595RJT6, STM32U595RJT6Q, STM32U595VIT6, STM32U595VIT6Q, STM32U595VJT6, STM32U595VJT6Q, STM32U595ZIT6, STM32U595ZIT6Q, STM32U595ZIY6QTR, STM32U595ZJT6, STM32U595ZJT6Q, STM32U595ZJY6QTR, STM32U599BJY6QTR, STM32U599NIH6Q, STM32U599NJH6Q, STM32U599VIT6Q, STM32U599VJT6, STM32U599VJT6Q, STM32U599ZIT6Q, STM32U599ZIY6QTR, STM32U599ZJT6Q, STM32U599ZJY6QTR, STM32U5A5AJH6, STM32U5A5AJH6Q, STM32U5A5QJI6, STM32U5A5QJI6Q, STM32U5A5RJT6, STM32U5A5RJT6Q, STM32U5A5VJT6, STM32U5A5VJT6Q, STM32U5A5ZJT6, STM32U5A5ZJT6Q, STM32U5A5ZJY6QTR, STM32U5A9BJY6QTR, STM32U5A9J-DK, STM32U5A9NJH6Q, STM32U5A9VJT6Q, STM32U5A9ZJT6Q, STM32U5A9ZJY6QTR, STM32U5F7VIT6, STM32U5F7VIT6Q, STM32U5F7VJT6, STM32U5F7VJT6Q, STM32U5F9BJY6QTR, STM32U5F9NJH6Q, STM32U5F9VIT6Q, STM32U5F9VJT6Q, STM32U5F9ZIJ6QTR, STM32U5F9ZIT6Q, STM32U5F9ZJJ6QTR, STM32U5F9ZJT6Q, STM32U5G7VJT6, STM32U5G7VJT6Q, STM32U5G9BJY6QTR, STM32U5G9J-DK1, STM32U5G9J-DK2, STM32U5G9NJH6Q, STM32U5G9VJT6Q, STM32U5G9ZJJ6QTR, STM32U5G9ZJT6Q, STM32WB1MMCH6, STM32WBA50KEU6, STM32WBA50KEU6TR, STM32WBA50KGU6, STM32WBA50KGU6TR, STM32WBA52CEU6, STM32WBA52CEU6TR, STM32WBA52CEU7, STM32WBA52CEU7TR, STM32WBA52CGU6, STM32WBA52CGU6TR, STM32WBA52CGU6U, STM32WBA52CGU7, STM32WBA52CGU7TR, STM32WBA52KEU6, STM32WBA52KEU6TR, STM32WBA52KGU6, STM32WBA52KGU6TR, STM32WBA54CEU6, STM32WBA54CEU6TR, STM32WBA54CEU7, STM32WBA54CEU7TR, STM32WBA54CGU6, STM32WBA54CGU6TR, STM32WBA54CGU7, STM32WBA54CGU7TR, STM32WBA54KEU6, STM32WBA54KEU6TR, STM32WBA54KEU7, STM32WBA54KEU7TR, STM32WBA54KGU6, STM32WBA54KGU6TR, STM32WBA54KGU7, STM32WBA54KGU7TR, STM32WBA55CEU6, STM32WBA55CEU6TR, STM32WBA55CEU7, STM32WBA55CEU7TR, STM32WBA55CGU6, STM32WBA55CGU6TR, STM32WBA55CGU6U, STM32WBA55CGU7, STM32WBA55CGU7TR, STM32WBA55G-DK1, STM32WBA55HEF6, STM32WBA55HEF7, STM32WBA55HGF6, STM32WBA55HGF7, STM32WBA55UEI6, STM32WBA55UEI6TR, STM32WBA55UEI7, STM32WBA55UEI7TR, STM32WBA55UGI6, STM32WBA55UGI6TR, STM32WBA55UGI7, STM32WBA55UGI7TR, STM32WL5MOCH6, STM32WL5MOCH6TR]
2024-10-27 18:37:55,382 [INFO] DbMcus:218 - Found 4204 MCUs, 4204 are supported
2024-10-27 18:37:55,383 [INFO] ApiDb:423 - Load user favorites file C:\Users\Ivan/.stm32cubeide/favorites.mcus.txt: 0 item(s)
2024-10-27 18:37:55,383 [INFO] ApiDb:427 - User favorites MCUs=[]
2024-10-27 18:37:55,383 [INFO] DbMcus:224 - Set 0 / 0 favorites MCUs
2024-10-27 18:37:55,800 [INFO] MicroXplorer:468 - Change Database Path : 
2024-10-27 18:37:55,800 [INFO] MicroXplorer:498 - Change Database Version : DB.6.0.100
2024-10-27 18:37:55,800 [WARN] ThirdParty:833 - waiting for thirdparty lock release [change project]
2024-10-27 18:37:55,800 [INFO] ThirdParty:835 - entering critical section [change project]
2024-10-27 18:37:55,800 [INFO] ThirdParty:1030 - CMSIS Pack Vendor :STMicroelectronics USBPD 4.1
2024-10-27 18:37:55,800 [INFO] ThirdParty:1030 - CMSIS Pack Vendor :STMicroelectronics X-CUBE-AZRTOS-H7 3.3.0
2024-10-27 18:37:55,800 [INFO] ThirdParty:1030 - CMSIS Pack Vendor :STMicroelectronics X-CUBE-NFC9 1.0.0
2024-10-27 18:37:55,800 [INFO] ThirdParty:1030 - CMSIS Pack Vendor :STMicroelectronics X-CUBE-GNSS1 6.0.0
2024-10-27 18:37:55,800 [INFO] ThirdParty:1030 - CMSIS Pack Vendor :STMicroelectronics USB_HOST 2.0.0
2024-10-27 18:37:55,800 [INFO] ThirdParty:1030 - CMSIS Pack Vendor :STMicroelectronics FP-SNS-MOTENVWB1 1.4.0
2024-10-27 18:37:55,801 [INFO] ThirdParty:1030 - CMSIS Pack Vendor :STMicroelectronics X-CUBE-AZRTOS-F4 1.1.0
2024-10-27 18:37:55,801 [INFO] ThirdParty:1030 - CMSIS Pack Vendor :STMicroelectronics LIBJPEG 8.0.0
2024-10-27 18:37:55,801 [INFO] ThirdParty:1030 - CMSIS Pack Vendor :STMicroelectronics X-CUBE-SMBUS 2.1.0
2024-10-27 18:37:55,801 [INFO] ThirdParty:1030 - CMSIS Pack Vendor :STMicroelectronics X-CUBE-WB05N 1.1.0
2024-10-27 18:37:55,801 [INFO] ThirdParty:1030 - CMSIS Pack Vendor :STMicroelectronics USB_DEVICE 3.0.0
2024-10-27 18:37:55,801 [INFO] ThirdParty:1030 - CMSIS Pack Vendor :STMicroelectronics X-CUBE-TCPP 4.1.0
2024-10-27 18:37:55,801 [INFO] ThirdParty:1030 - CMSIS Pack Vendor :STMicroelectronics X-CUBE-ISPU 2.1.0
2024-10-27 18:37:55,801 [INFO] ThirdParty:1030 - CMSIS Pack Vendor :STMicroelectronics X-CUBE-FREERTOS 1.2.0
2024-10-27 18:37:55,801 [INFO] ThirdParty:1030 - CMSIS Pack Vendor :STMicroelectronics X-CUBE-IPS 3.0.0
2024-10-27 18:37:55,801 [INFO] ThirdParty:1030 - CMSIS Pack Vendor :STMicroelectronics X-CUBE-AZRTOS-WB 2.0.0
2024-10-27 18:37:55,801 [INFO] ThirdParty:1030 - CMSIS Pack Vendor :wolfSSL I-CUBE-wolfSSL 5.6.6
2024-10-27 18:37:55,801 [INFO] ThirdParty:1030 - CMSIS Pack Vendor :STMicroelectronics X-CUBE-GNSS1 7.0.0
2024-10-27 18:37:55,801 [INFO] ThirdParty:1030 - CMSIS Pack Vendor :STMicroelectronics X-CUBE-TOUCHGFX 4.23.0
2024-10-27 18:37:55,801 [INFO] ThirdParty:1030 - CMSIS Pack Vendor :STMicroelectronics X-CUBE-TOUCHGFX 4.23.2
2024-10-27 18:37:55,801 [INFO] ThirdParty:1030 - CMSIS Pack Vendor :STMicroelectronics X-CUBE-AZRTOS-F7 1.1.0
2024-10-27 18:37:55,801 [INFO] ThirdParty:1030 - CMSIS Pack Vendor :STMicroelectronics X-CUBE-AZRTOS-L5 2.0.0
2024-10-27 18:37:55,801 [INFO] ThirdParty:1030 - CMSIS Pack Vendor :STMicroelectronics USB_DEVICE 2.0.0
2024-10-27 18:37:55,801 [INFO] ThirdParty:1030 - CMSIS Pack Vendor :STMicroelectronics X-CUBE-MEMS1 9.6.0
2024-10-27 18:37:55,801 [INFO] ThirdParty:1030 - CMSIS Pack Vendor :STMicroelectronics X-CUBE-NFC6 3.1.0
2024-10-27 18:37:55,801 [INFO] ThirdParty:1030 - CMSIS Pack Vendor :ITTIA_DB I-CUBE-ITTIADB 8.8.0
2024-10-27 18:37:55,801 [INFO] ThirdParty:1030 - CMSIS Pack Vendor :STMicroelectronics FP-SNS-STBOX1 2.0.0
2024-10-27 18:37:55,801 [INFO] ThirdParty:1030 - CMSIS Pack Vendor :STMicroelectronics FP-SNS-MOTENV1 4.3.2
2024-10-27 18:37:55,801 [INFO] ThirdParty:1030 - CMSIS Pack Vendor :STMicroelectronics X-CUBE-ALGOBUILD 1.3.0
2024-10-27 18:37:55,801 [INFO] ThirdParty:1030 - CMSIS Pack Vendor :STMicroelectronics X-CUBE-MEMS1 11.0.0
2024-10-27 18:37:55,801 [INFO] ThirdParty:1030 - CMSIS Pack Vendor :STMicroelectronics FreeRTOS 0.0.1
2024-10-27 18:37:55,801 [INFO] ThirdParty:1030 - CMSIS Pack Vendor :STMicroelectronics X-CUBE-AZRTOS-G0 1.1.0
2024-10-27 18:37:55,801 [INFO] ThirdParty:1030 - CMSIS Pack Vendor :STMicroelectronics X-CUBE-SAFEA1 1.2.2
2024-10-27 18:37:55,801 [INFO] ThirdParty:1030 - CMSIS Pack Vendor :STMicroelectronics X-CUBE-NFC4 3.0.0
2024-10-27 18:37:55,801 [INFO] ThirdParty:1030 - CMSIS Pack Vendor :STMicroelectronics X-CUBE-DPower 1.2.0
2024-10-27 18:37:55,801 [INFO] ThirdParty:1030 - CMSIS Pack Vendor :STMicroelectronics X-CUBE-SUBG2 5.0.0
2024-10-27 18:37:55,802 [INFO] ThirdParty:1030 - CMSIS Pack Vendor :STMicroelectronics STM32_WPAN 1.0.0
2024-10-27 18:37:55,802 [INFO] ThirdParty:1030 - CMSIS Pack Vendor :EmbeddedOffice I-CUBE-FS-RTOS 1.0.1
2024-10-27 18:37:55,802 [INFO] ThirdParty:1030 - CMSIS Pack Vendor :STMicroelectronics lwIP 2.0.3
2024-10-27 18:37:55,802 [INFO] ThirdParty:1030 - CMSIS Pack Vendor :STMicroelectronics FP-SNS-FLIGHT1 5.0.2
2024-10-27 18:37:55,802 [INFO] ThirdParty:1030 - CMSIS Pack Vendor :STMicroelectronics USB_HOST 1.0.0
2024-10-27 18:37:55,802 [INFO] ThirdParty:1030 - CMSIS Pack Vendor :STMicroelectronics X-CUBE-AI 9.0.0
2024-10-27 18:37:55,802 [INFO] ThirdParty:1030 - CMSIS Pack Vendor :STMicroelectronics X-CUBE-AZRTOS-G4 2.0.0
2024-10-27 18:37:55,802 [INFO] ThirdParty:1030 - CMSIS Pack Vendor :STMicroelectronics PDM2PCM 3.1.0
2024-10-27 18:37:55,802 [INFO] ThirdParty:1030 - CMSIS Pack Vendor :Infineon AIROC-Wi-Fi-Bluetooth-STM32 1.5.1
2024-10-27 18:37:55,802 [INFO] ThirdParty:1030 - CMSIS Pack Vendor :STMicroelectronics PDM2PCM 3.3.0
2024-10-27 18:37:55,802 [INFO] ThirdParty:1030 - CMSIS Pack Vendor :STMicroelectronics X-CUBE-DISPLAY 3.0.0
2024-10-27 18:37:55,802 [INFO] ThirdParty:1030 - CMSIS Pack Vendor :RealThread X-CUBE-RT-Thread_Nano 4.1.1
2024-10-27 18:37:55,802 [INFO] ThirdParty:1030 - CMSIS Pack Vendor :STMicroelectronics FP-SNS-MOTENVWB1 1.3.1
2024-10-27 18:37:55,802 [INFO] ThirdParty:1030 - CMSIS Pack Vendor :STMicroelectronics X-CUBE-BLE1 7.0.0
2024-10-27 18:37:55,802 [INFO] ThirdParty:1030 - CMSIS Pack Vendor :STMicroelectronics FP-ATR-SIGFOX1 3.2.0
2024-10-27 18:37:55,802 [INFO] ThirdParty:1030 - CMSIS Pack Vendor :STMicroelectronics X-CUBE-NFC10 1.0.0
2024-10-27 18:37:55,802 [INFO] ThirdParty:1030 - CMSIS Pack Vendor :STMicroelectronics X-CUBE-ISPU 2.0.0
2024-10-27 18:37:55,802 [INFO] ThirdParty:1030 - CMSIS Pack Vendor :STMicroelectronics X-CUBE-EEPRMA1 5.1.0
2024-10-27 18:37:55,802 [INFO] ThirdParty:1030 - CMSIS Pack Vendor :STMicroelectronics HAL Drivers 0.0.0
2024-10-27 18:37:55,802 [INFO] ThirdParty:1030 - CMSIS Pack Vendor :STMicroelectronics MBEDTLS 2.16.2
2024-10-27 18:37:55,802 [INFO] ThirdParty:1030 - CMSIS Pack Vendor :STMicroelectronics X-CUBE-ALS 1.0.2
2024-10-27 18:37:55,802 [INFO] ThirdParty:1030 - CMSIS Pack Vendor :emotas I-CUBE-CANOPEN 1.3.0
2024-10-27 18:37:55,802 [INFO] ThirdParty:1030 - CMSIS Pack Vendor :STMicroelectronics X-CUBE-MEMS1 10.0.0
2024-10-27 18:37:55,802 [INFO] ThirdParty:1030 - CMSIS Pack Vendor :STMicroelectronics X-CUBE-FREERTOS 1.1.0
2024-10-27 18:37:55,802 [INFO] ThirdParty:1030 - CMSIS Pack Vendor :STMicroelectronics X-CUBE-NFC7 1.0.1
2024-10-27 18:37:55,802 [INFO] ThirdParty:1030 - CMSIS Pack Vendor :STMicroelectronics MBEDTLS 2.14.1
2024-10-27 18:37:55,802 [INFO] ThirdParty:1030 - CMSIS Pack Vendor :STMicroelectronics X-CUBE-TOUCHGFX 4.24.0
2024-10-27 18:37:55,802 [INFO] ThirdParty:1030 - CMSIS Pack Vendor :STMicroelectronics X-CUBE-TOUCHGFX 4.24.1
2024-10-27 18:37:55,802 [INFO] ThirdParty:1030 - CMSIS Pack Vendor :STMicroelectronics X-CUBE-NFC6 3.0.0
2024-10-27 18:37:55,802 [INFO] ThirdParty:1030 - CMSIS Pack Vendor :wolfSSL I-CUBE-wolfTPM 3.4.0
2024-10-27 18:37:55,802 [INFO] ThirdParty:1030 - CMSIS Pack Vendor :STMicroelectronics X-CUBE-MEMS1 9.3.0
2024-10-27 18:37:55,802 [INFO] ThirdParty:1030 - CMSIS Pack Vendor :portGmbH I-Cube-SoM-uGOAL 1.1.0
2024-10-27 18:37:55,803 [INFO] ThirdParty:1030 - CMSIS Pack Vendor :STMicroelectronics X-CUBE-ALS 1.0.1
2024-10-27 18:37:55,803 [INFO] ThirdParty:1030 - CMSIS Pack Vendor :STMicroelectronics X-CUBE-BLEMGR 3.1.0
2024-10-27 18:37:55,803 [INFO] ThirdParty:1030 - CMSIS Pack Vendor :STMicroelectronics ThreadX 1.0.0
2024-10-27 18:37:55,803 [INFO] ThirdParty:1030 - CMSIS Pack Vendor :STMicroelectronics FP-SNS-SMARTAG2 1.2.0
2024-10-27 18:37:55,803 [INFO] ThirdParty:1030 - CMSIS Pack Vendor :STMicroelectronics X-CUBE-AZRTOS-WL 2.0.0
2024-10-27 18:37:55,803 [INFO] ThirdParty:1030 - CMSIS Pack Vendor :SEGGER I-CUBE-embOS 1.3.1
2024-10-27 18:37:55,803 [INFO] ThirdParty:1030 - CMSIS Pack Vendor :STMicroelectronics X-CUBE-ALGOBUILD 1.4.0
2024-10-27 18:37:55,803 [INFO] ThirdParty:1030 - CMSIS Pack Vendor :STMicroelectronics FP-SNS-MOTENV1 5.0.0
2024-10-27 18:37:55,803 [INFO] ThirdParty:1030 - CMSIS Pack Vendor :STMicroelectronics USB_DEVICE 1.0.0
2024-10-27 18:37:55,803 [INFO] ThirdParty:1030 - CMSIS Pack Vendor :STMicroelectronics X-CUBE-AI 8.1.0
2024-10-27 18:37:55,803 [INFO] ThirdParty:1030 - CMSIS Pack Vendor :STMicroelectronics X-CUBE-AZRTOS-H7RS 1.0.0
2024-10-27 18:37:55,803 [INFO] ThirdParty:1030 - CMSIS Pack Vendor :wolfSSL I-CUBE-wolfMQTT 1.19.0
2024-10-27 18:37:55,803 [INFO] ThirdParty:1030 - CMSIS Pack Vendor :STMicroelectronics X-CUBE-AZRTOS-L4 2.0.0
2024-10-27 18:37:55,803 [INFO] ThirdParty:1030 - CMSIS Pack Vendor :STMicroelectronics ThreadX 0.0.2
2024-10-27 18:37:55,803 [INFO] ThirdParty:1030 - CMSIS Pack Vendor :WES I-CUBE-Cesium 1.3.0
2024-10-27 18:37:55,803 [INFO] ThirdParty:1030 - CMSIS Pack Vendor :STMicroelectronics FP-ATR-ASTRA1 2.0.0
2024-10-27 18:37:55,803 [INFO] ThirdParty:1030 - CMSIS Pack Vendor :STMicroelectronics lwIP 2.1.2
2024-10-27 18:37:55,803 [INFO] ThirdParty:1030 - CMSIS Pack Vendor :STMicroelectronics X-CUBE-SFXS2LP1 4.0.0
2024-10-27 18:37:55,803 [INFO] ThirdParty:1030 - CMSIS Pack Vendor :STMicroelectronics X-CUBE-BLE2 3.3.0
2024-10-27 18:37:55,803 [INFO] ThirdParty:1030 - CMSIS Pack Vendor :STMicroelectronics X-CUBE-TOF1 3.4.2
2024-10-27 18:37:55,804 [INFO] ThirdParty:1030 - CMSIS Pack Vendor :STMicroelectronics X-CUBE-AI 9.1.0
2024-10-27 18:37:55,804 [INFO] ThirdParty:1030 - CMSIS Pack Vendor :STMicroelectronics X-CUBE-TOF1 3.4.1
2024-10-27 18:37:55,804 [INFO] ThirdParty:1030 - CMSIS Pack Vendor :STMicroelectronics X-CUBE-AZRTOS-H7 3.2.0
2024-10-27 18:37:55,804 [INFO] ThirdParty:1030 - CMSIS Pack Vendor :STMicroelectronics PDM2PCM 3.2.0
2024-10-27 18:37:55,804 [INFO] ThirdParty:1030 - CMSIS Pack Vendor :wolfSSL I-CUBE-wolfSSH 1.4.17
2024-10-27 18:37:55,804 [INFO] ThirdParty:841 - exiting critical section [change project]
2024-10-27 18:37:56,225 [INFO] PinOutPanel:1499 - setPackage(No Configuration,No Configuration)
2024-10-27 18:37:56,226 [INFO] PinOutPanel:1499 - setPackage(STM32L475VGTx,LQFP100)
2024-10-27 18:37:56,670 [INFO] UtilMem:75 - Before build in PCC Used Memory: 661206776 Bytes (1073741824)
2024-10-27 18:37:57,340 [INFO] UtilMem:75 - After build in PCC Used Memory: 796619568 Bytes (1073741824)
2024-10-27 18:37:57,369 [INFO] IPUIPlugin:80 - create IPUIPlugin
2024-10-27 18:37:57,369 [INFO] IPUIPlugin:80 - create IPUIPlugin
2024-10-27 18:37:57,369 [INFO] IPUIPlugin:80 - create IPUIPlugin
2024-10-27 18:37:57,369 [INFO] IPUIPlugin:80 - create IPUIPlugin
2024-10-27 18:37:57,369 [INFO] IPUIPlugin:80 - create IPUIPlugin
2024-10-27 18:37:57,369 [INFO] IPUIPlugin:80 - create IPUIPlugin
2024-10-27 18:37:57,369 [INFO] IPUIPlugin:80 - create IPUIPlugin
2024-10-27 18:37:57,369 [INFO] IPUIPlugin:80 - create IPUIPlugin
2024-10-27 18:37:57,369 [INFO] IPUIPlugin:80 - create IPUIPlugin
2024-10-27 18:37:57,369 [INFO] IPUIPlugin:80 - create IPUIPlugin
2024-10-27 18:37:57,369 [INFO] IPUIPlugin:80 - create IPUIPlugin
2024-10-27 18:37:57,370 [INFO] IPUIPlugin:80 - create IPUIPlugin
2024-10-27 18:37:57,370 [INFO] IPUIPlugin:80 - create IPUIPlugin
2024-10-27 18:37:57,370 [INFO] IPUIPlugin:80 - create IPUIPlugin
2024-10-27 18:37:57,370 [INFO] IPUIPlugin:80 - create IPUIPlugin
2024-10-27 18:37:57,370 [INFO] IPUIPlugin:80 - create IPUIPlugin
2024-10-27 18:37:57,370 [INFO] IPUIPlugin:80 - create IPUIPlugin
2024-10-27 18:37:57,370 [INFO] IPUIPlugin:80 - create IPUIPlugin
2024-10-27 18:37:57,370 [INFO] IPUIPlugin:80 - create IPUIPlugin
2024-10-27 18:37:57,370 [INFO] IPUIPlugin:80 - create IPUIPlugin
2024-10-27 18:37:57,371 [INFO] IPUIPlugin:80 - create IPUIPlugin
2024-10-27 18:37:57,371 [INFO] IPUIPlugin:80 - create IPUIPlugin
2024-10-27 18:37:57,371 [INFO] IPUIPlugin:80 - create IPUIPlugin
2024-10-27 18:37:57,371 [INFO] IPUIPlugin:80 - create IPUIPlugin
2024-10-27 18:37:57,371 [INFO] IPUIPlugin:80 - create IPUIPlugin
2024-10-27 18:37:57,371 [INFO] IPUIPlugin:80 - create IPUIPlugin
2024-10-27 18:37:57,371 [INFO] IPUIPlugin:80 - create IPUIPlugin
2024-10-27 18:37:57,372 [INFO] IPUIPlugin:80 - create IPUIPlugin
2024-10-27 18:37:57,372 [INFO] IPUIPlugin:80 - create IPUIPlugin
2024-10-27 18:37:57,372 [INFO] IPUIPlugin:80 - create IPUIPlugin
2024-10-27 18:37:57,372 [INFO] IPUIPlugin:80 - create IPUIPlugin
2024-10-27 18:37:57,372 [INFO] IPUIPlugin:80 - create IPUIPlugin
2024-10-27 18:37:57,372 [INFO] IPUIPlugin:80 - create IPUIPlugin
2024-10-27 18:37:57,372 [INFO] IPUIPlugin:80 - create IPUIPlugin
2024-10-27 18:37:57,374 [INFO] IPUIPlugin:80 - create IPUIPlugin
2024-10-27 18:37:57,374 [INFO] IPUIPlugin:80 - create IPUIPlugin
2024-10-27 18:37:57,374 [INFO] IPUIPlugin:80 - create IPUIPlugin
2024-10-27 18:37:57,374 [INFO] IPUIPlugin:80 - create IPUIPlugin
2024-10-27 18:37:57,374 [INFO] IPUIPlugin:80 - create IPUIPlugin
2024-10-27 18:37:57,374 [INFO] IPUIPlugin:80 - create IPUIPlugin
2024-10-27 18:37:57,375 [INFO] IPUIPlugin:80 - create IPUIPlugin
2024-10-27 18:37:57,375 [INFO] IPUIPlugin:80 - create IPUIPlugin
2024-10-27 18:37:57,375 [INFO] IPUIPlugin:80 - create IPUIPlugin
2024-10-27 18:37:57,375 [INFO] IPUIPlugin:80 - create IPUIPlugin
2024-10-27 18:37:57,375 [INFO] IPUIPlugin:80 - create IPUIPlugin
2024-10-27 18:37:57,375 [INFO] IPUIPlugin:80 - create IPUIPlugin
2024-10-27 18:37:57,375 [INFO] IPUIPlugin:80 - create IPUIPlugin
2024-10-27 18:37:57,375 [INFO] IPUIPlugin:80 - create IPUIPlugin
2024-10-27 18:37:57,376 [INFO] IPUIPlugin:80 - create IPUIPlugin
2024-10-27 18:37:57,376 [INFO] IPUIPlugin:80 - create IPUIPlugin
2024-10-27 18:37:57,376 [INFO] IPUIPlugin:80 - create IPUIPlugin
2024-10-27 18:37:57,376 [INFO] IPUIPlugin:80 - create IPUIPlugin
2024-10-27 18:37:57,377 [INFO] IPUIPlugin:80 - create IPUIPlugin
2024-10-27 18:37:57,378 [INFO] IPUIPlugin:80 - create IPUIPlugin
2024-10-27 18:37:57,378 [INFO] IPUIPlugin:80 - create IPUIPlugin
2024-10-27 18:37:57,378 [INFO] IPUIPlugin:80 - create IPUIPlugin
2024-10-27 18:37:57,378 [INFO] IPUIPlugin:80 - create IPUIPlugin
2024-10-27 18:37:57,379 [INFO] IPUIPlugin:80 - create IPUIPlugin
2024-10-27 18:37:57,379 [INFO] IPUIPlugin:80 - create IPUIPlugin
2024-10-27 18:37:57,543 [INFO] CADModel:165 - CPN selected for project levelSTM32L475VGT6
2024-10-27 18:37:57,543 [INFO] CADModel:114 - Register for checkConnection events
2024-10-27 18:37:57,591 [INFO] OpenFileManager:343 - Restore cursor
2024-10-27 18:38:19,573 [INFO] ApiDbMcu:508 - Load IP Config File for STMicroelectronics.X-CUBE-AI.9.1.0
2024-10-27 18:38:19,660 [WARN] SupportedApi:132 - Cannot load RTOS API schema: s4s-elt-must-match.1: The content of 'definitions' must match (annotation?, (simpleType | complexType)?, (unique | key | keyref)*)). A problem was found starting at: attribute.
2024-10-27 18:38:19,737 [INFO] IPUIPlugin:80 - create IPUIPlugin
2024-10-27 18:38:19,746 [INFO] PluginManager:220 - loadIPPluginJar : add ai.9.1.0
2024-10-27 18:38:20,006 [INFO] IPUIPlugin:80 - create IPUIPlugin
2024-10-27 18:38:30,121 [INFO] Middleware:617 - instanceName : STMicroelectronics.X-CUBE-AI.9.1.0 bspName : COM Port check condition success for : !SEMDeviceJjApplicationJjApplicationTemplate
2024-10-27 18:38:30,121 [INFO] Middleware:617 - instanceName : STMicroelectronics.X-CUBE-AI.9.1.0 bspName : COM Port check condition success for : !SEMDeviceJjApplicationJjApplicationTemplate
2024-10-27 18:38:30,121 [INFO] Middleware:617 - instanceName : STMicroelectronics.X-CUBE-AI.9.1.0 bspName : COM Port check condition success for : !SEMDeviceJjApplicationJjApplicationTemplate
2024-10-27 18:38:30,209 [INFO] Middleware:617 - instanceName : STMicroelectronics.X-CUBE-AI.9.1.0 bspName : COM Port check condition success for : !SEMDeviceJjApplicationJjApplicationTemplate
2024-10-27 18:38:30,209 [INFO] Middleware:617 - instanceName : STMicroelectronics.X-CUBE-AI.9.1.0 bspName : COM Port check condition success for : !SEMDeviceJjApplicationJjApplicationTemplate
2024-10-27 18:38:30,209 [INFO] Middleware:617 - instanceName : STMicroelectronics.X-CUBE-AI.9.1.0 bspName : COM Port check condition success for : !SEMDeviceJjApplicationJjApplicationTemplate
2024-10-27 18:38:30,408 [INFO] AIMainUI:1266 - Restoring parameters from IP...
2024-10-27 18:38:30,408 [INFO] AIMainUI:1389 - No old model detected
2024-10-27 18:38:30,425 [INFO] AI:971 - getUI adding AI com.st.microxplorer.plugins.ip.ai.AI@537b0a16 on STMicroelectronics.X-CUBE-AI.9.1.0
2024-10-27 18:38:30,425 [INFO] Middleware:617 - instanceName : STMicroelectronics.X-CUBE-AI.9.1.0 bspName : COM Port check condition success for : !SEMDeviceJjApplicationJjApplicationTemplate
2024-10-27 18:38:30,426 [INFO] Middleware:617 - instanceName : STMicroelectronics.X-CUBE-AI.9.1.0 bspName : COM Port check condition success for : !SEMDeviceJjApplicationJjApplicationTemplate
2024-10-27 18:38:30,426 [INFO] Middleware:617 - instanceName : STMicroelectronics.X-CUBE-AI.9.1.0 bspName : COM Port check condition success for : !SEMDeviceJjApplicationJjApplicationTemplate
2024-10-27 18:38:30,663 [INFO] Middleware:617 - instanceName : STMicroelectronics.X-CUBE-AI.9.1.0 bspName : COM Port check condition success for : !SEMDeviceJjApplicationJjApplicationTemplate
2024-10-27 18:38:30,663 [INFO] Middleware:617 - instanceName : STMicroelectronics.X-CUBE-AI.9.1.0 bspName : COM Port check condition success for : !SEMDeviceJjApplicationJjApplicationTemplate
2024-10-27 18:38:30,663 [INFO] Middleware:617 - instanceName : STMicroelectronics.X-CUBE-AI.9.1.0 bspName : COM Port check condition success for : !SEMDeviceJjApplicationJjApplicationTemplate
2024-10-27 18:38:30,738 [INFO] Middleware:617 - instanceName : STMicroelectronics.X-CUBE-AI.9.1.0 bspName : COM Port check condition success for : !SEMDeviceJjApplicationJjApplicationTemplate
2024-10-27 18:38:30,738 [INFO] Middleware:617 - instanceName : STMicroelectronics.X-CUBE-AI.9.1.0 bspName : COM Port check condition success for : !SEMDeviceJjApplicationJjApplicationTemplate
2024-10-27 18:38:30,738 [INFO] Middleware:617 - instanceName : STMicroelectronics.X-CUBE-AI.9.1.0 bspName : COM Port check condition success for : !SEMDeviceJjApplicationJjApplicationTemplate
2024-10-27 18:38:30,756 [INFO] AI:971 - getUI adding AI com.st.microxplorer.plugins.ip.ai.AI@537b0a16 on STMicroelectronics.X-CUBE-AI.9.1.0
2024-10-27 18:38:30,756 [INFO] Middleware:617 - instanceName : STMicroelectronics.X-CUBE-AI.9.1.0 bspName : COM Port check condition success for : !SEMDeviceJjApplicationJjApplicationTemplate
2024-10-27 18:38:30,756 [INFO] Middleware:617 - instanceName : STMicroelectronics.X-CUBE-AI.9.1.0 bspName : COM Port check condition success for : !SEMDeviceJjApplicationJjApplicationTemplate
2024-10-27 18:38:30,756 [INFO] Middleware:617 - instanceName : STMicroelectronics.X-CUBE-AI.9.1.0 bspName : COM Port check condition success for : !SEMDeviceJjApplicationJjApplicationTemplate
2024-10-27 18:38:30,765 [INFO] Middleware:617 - instanceName : STMicroelectronics.X-CUBE-AI.9.1.0 bspName : COM Port check condition success for : !SEMDeviceJjApplicationJjApplicationTemplate
2024-10-27 18:38:30,765 [INFO] Middleware:617 - instanceName : STMicroelectronics.X-CUBE-AI.9.1.0 bspName : COM Port check condition success for : !SEMDeviceJjApplicationJjApplicationTemplate
2024-10-27 18:38:30,765 [INFO] Middleware:617 - instanceName : STMicroelectronics.X-CUBE-AI.9.1.0 bspName : COM Port check condition success for : !SEMDeviceJjApplicationJjApplicationTemplate
2024-10-27 18:38:31,001 [INFO] BspModel:204 - createCodeInput : COM Port Template : 1 IPName : USART IPMode : Asynchronous Component :  Solution : USART1 InstanceName : 
2024-10-27 18:38:31,002 [INFO] Middleware:617 - instanceName : STMicroelectronics.X-CUBE-AI.9.1.0 bspName : COM Port check condition success for : !SEMDeviceJjApplicationJjApplicationTemplate
2024-10-27 18:38:31,002 [INFO] Middleware:617 - instanceName : STMicroelectronics.X-CUBE-AI.9.1.0 bspName : COM Port check condition success for : !SEMDeviceJjApplicationJjApplicationTemplate
2024-10-27 18:38:31,002 [INFO] Middleware:617 - instanceName : STMicroelectronics.X-CUBE-AI.9.1.0 bspName : COM Port check condition success for : !SEMDeviceJjApplicationJjApplicationTemplate
2024-10-27 18:38:31,029 [INFO] Middleware:617 - instanceName : STMicroelectronics.X-CUBE-AI.9.1.0 bspName : COM Port check condition success for : !SEMDeviceJjApplicationJjApplicationTemplate
2024-10-27 18:38:31,029 [INFO] Middleware:617 - instanceName : STMicroelectronics.X-CUBE-AI.9.1.0 bspName : COM Port check condition success for : !SEMDeviceJjApplicationJjApplicationTemplate
2024-10-27 18:38:31,029 [INFO] Middleware:617 - instanceName : STMicroelectronics.X-CUBE-AI.9.1.0 bspName : COM Port check condition success for : !SEMDeviceJjApplicationJjApplicationTemplate
2024-10-27 18:38:31,118 [INFO] Middleware:617 - instanceName : STMicroelectronics.X-CUBE-AI.9.1.0 bspName : COM Port check condition success for : !SEMDeviceJjApplicationJjApplicationTemplate
2024-10-27 18:38:31,118 [INFO] Middleware:617 - instanceName : STMicroelectronics.X-CUBE-AI.9.1.0 bspName : COM Port check condition success for : !SEMDeviceJjApplicationJjApplicationTemplate
2024-10-27 18:38:31,118 [INFO] Middleware:617 - instanceName : STMicroelectronics.X-CUBE-AI.9.1.0 bspName : COM Port check condition success for : !SEMDeviceJjApplicationJjApplicationTemplate
2024-10-27 18:38:31,118 [INFO] Middleware:617 - instanceName : STMicroelectronics.X-CUBE-AI.9.1.0 bspName : COM Port check condition success for : !SEMDeviceJjApplicationJjApplicationTemplate
2024-10-27 18:38:31,118 [INFO] Middleware:617 - instanceName : STMicroelectronics.X-CUBE-AI.9.1.0 bspName : COM Port check condition success for : !SEMDeviceJjApplicationJjApplicationTemplate
2024-10-27 18:38:31,118 [INFO] Middleware:617 - instanceName : STMicroelectronics.X-CUBE-AI.9.1.0 bspName : COM Port check condition success for : !SEMDeviceJjApplicationJjApplicationTemplate
2024-10-27 18:38:31,144 [INFO] Middleware:617 - instanceName : STMicroelectronics.X-CUBE-AI.9.1.0 bspName : COM Port check condition success for : !SEMDeviceJjApplicationJjApplicationTemplate
2024-10-27 18:38:31,144 [INFO] Middleware:617 - instanceName : STMicroelectronics.X-CUBE-AI.9.1.0 bspName : COM Port check condition success for : !SEMDeviceJjApplicationJjApplicationTemplate
2024-10-27 18:38:31,144 [INFO] Middleware:617 - instanceName : STMicroelectronics.X-CUBE-AI.9.1.0 bspName : COM Port check condition success for : !SEMDeviceJjApplicationJjApplicationTemplate
2024-10-27 18:38:31,144 [INFO] Middleware:617 - instanceName : STMicroelectronics.X-CUBE-AI.9.1.0 bspName : COM Port check condition success for : !SEMDeviceJjApplicationJjApplicationTemplate
2024-10-27 18:38:31,144 [INFO] Middleware:617 - instanceName : STMicroelectronics.X-CUBE-AI.9.1.0 bspName : COM Port check condition success for : !SEMDeviceJjApplicationJjApplicationTemplate
2024-10-27 18:38:31,144 [INFO] Middleware:617 - instanceName : STMicroelectronics.X-CUBE-AI.9.1.0 bspName : COM Port check condition success for : !SEMDeviceJjApplicationJjApplicationTemplate
2024-10-27 18:38:31,361 [INFO] AI:971 - getUI adding AI com.st.microxplorer.plugins.ip.ai.AI@537b0a16 on STMicroelectronics.X-CUBE-AI.9.1.0
2024-10-27 18:38:31,361 [INFO] Middleware:617 - instanceName : STMicroelectronics.X-CUBE-AI.9.1.0 bspName : COM Port check condition success for : !SEMDeviceJjApplicationJjApplicationTemplate
2024-10-27 18:38:31,361 [INFO] Middleware:617 - instanceName : STMicroelectronics.X-CUBE-AI.9.1.0 bspName : COM Port check condition success for : !SEMDeviceJjApplicationJjApplicationTemplate
2024-10-27 18:38:31,362 [INFO] Middleware:617 - instanceName : STMicroelectronics.X-CUBE-AI.9.1.0 bspName : COM Port check condition success for : !SEMDeviceJjApplicationJjApplicationTemplate
2024-10-27 18:38:31,365 [INFO] Middleware:617 - instanceName : STMicroelectronics.X-CUBE-AI.9.1.0 bspName : COM Port check condition success for : !SEMDeviceJjApplicationJjApplicationTemplate
2024-10-27 18:38:31,365 [INFO] Middleware:617 - instanceName : STMicroelectronics.X-CUBE-AI.9.1.0 bspName : COM Port check condition success for : !SEMDeviceJjApplicationJjApplicationTemplate
2024-10-27 18:38:31,365 [INFO] Middleware:617 - instanceName : STMicroelectronics.X-CUBE-AI.9.1.0 bspName : COM Port check condition success for : !SEMDeviceJjApplicationJjApplicationTemplate
2024-10-27 18:38:41,407 [ERROR] N6Profiles:77 - java.io.FileNotFoundException: C:\Users\Ivan\STM32Cube\Repository\Packs\STMicroelectronics\X-CUBE-AI\9.1.0\scripts\N6_scripts\user_neuralart.json (The system cannot find the path specified)
2024-10-27 18:38:41,418 [INFO] AInterface:112 - AInterface using toolDir: C:/Users/Ivan/STM32Cube/Repository/Packs/STMicroelectronics/X-CUBE-AI/9.1.0/Utilities/windows
2024-10-27 18:38:41,439 [INFO] Middleware:617 - instanceName : STMicroelectronics.X-CUBE-AI.9.1.0 bspName : COM Port check condition success for : !SEMDeviceJjApplicationJjApplicationTemplate
2024-10-27 18:38:41,439 [INFO] Middleware:617 - instanceName : STMicroelectronics.X-CUBE-AI.9.1.0 bspName : COM Port check condition success for : !SEMDeviceJjApplicationJjApplicationTemplate
2024-10-27 18:38:41,439 [INFO] Middleware:617 - instanceName : STMicroelectronics.X-CUBE-AI.9.1.0 bspName : COM Port check condition success for : !SEMDeviceJjApplicationJjApplicationTemplate
2024-10-27 18:38:41,439 [INFO] Middleware:617 - instanceName : STMicroelectronics.X-CUBE-AI.9.1.0 bspName : COM Port check condition success for : !SEMDeviceJjApplicationJjApplicationTemplate
2024-10-27 18:38:41,439 [INFO] Middleware:617 - instanceName : STMicroelectronics.X-CUBE-AI.9.1.0 bspName : COM Port check condition success for : !SEMDeviceJjApplicationJjApplicationTemplate
2024-10-27 18:38:41,439 [INFO] Middleware:617 - instanceName : STMicroelectronics.X-CUBE-AI.9.1.0 bspName : COM Port check condition success for : !SEMDeviceJjApplicationJjApplicationTemplate
2024-10-27 18:38:41,446 [INFO] AIModelDetailledView:2350 - Analysis status: -
2024-10-27 18:38:41,446 [INFO] AIModelDetailledView:926 - Selected model: Keras
2024-10-27 18:38:41,467 [INFO] Middleware:617 - instanceName : STMicroelectronics.X-CUBE-AI.9.1.0 bspName : COM Port check condition success for : !SEMDeviceJjApplicationJjApplicationTemplate
2024-10-27 18:38:41,467 [INFO] Middleware:617 - instanceName : STMicroelectronics.X-CUBE-AI.9.1.0 bspName : COM Port check condition success for : !SEMDeviceJjApplicationJjApplicationTemplate
2024-10-27 18:38:41,467 [INFO] Middleware:617 - instanceName : STMicroelectronics.X-CUBE-AI.9.1.0 bspName : COM Port check condition success for : !SEMDeviceJjApplicationJjApplicationTemplate
2024-10-27 18:38:41,467 [INFO] Middleware:617 - instanceName : STMicroelectronics.X-CUBE-AI.9.1.0 bspName : COM Port check condition success for : !SEMDeviceJjApplicationJjApplicationTemplate
2024-10-27 18:38:41,467 [INFO] Middleware:617 - instanceName : STMicroelectronics.X-CUBE-AI.9.1.0 bspName : COM Port check condition success for : !SEMDeviceJjApplicationJjApplicationTemplate
2024-10-27 18:38:41,467 [INFO] Middleware:617 - instanceName : STMicroelectronics.X-CUBE-AI.9.1.0 bspName : COM Port check condition success for : !SEMDeviceJjApplicationJjApplicationTemplate
2024-10-27 18:38:41,491 [INFO] Middleware:617 - instanceName : STMicroelectronics.X-CUBE-AI.9.1.0 bspName : COM Port check condition success for : !SEMDeviceJjApplicationJjApplicationTemplate
2024-10-27 18:38:41,491 [INFO] Middleware:617 - instanceName : STMicroelectronics.X-CUBE-AI.9.1.0 bspName : COM Port check condition success for : !SEMDeviceJjApplicationJjApplicationTemplate
2024-10-27 18:38:41,492 [INFO] Middleware:617 - instanceName : STMicroelectronics.X-CUBE-AI.9.1.0 bspName : COM Port check condition success for : !SEMDeviceJjApplicationJjApplicationTemplate
2024-10-27 18:38:41,492 [INFO] Middleware:617 - instanceName : STMicroelectronics.X-CUBE-AI.9.1.0 bspName : COM Port check condition success for : !SEMDeviceJjApplicationJjApplicationTemplate
2024-10-27 18:38:41,492 [INFO] Middleware:617 - instanceName : STMicroelectronics.X-CUBE-AI.9.1.0 bspName : COM Port check condition success for : !SEMDeviceJjApplicationJjApplicationTemplate
2024-10-27 18:38:41,492 [INFO] Middleware:617 - instanceName : STMicroelectronics.X-CUBE-AI.9.1.0 bspName : COM Port check condition success for : !SEMDeviceJjApplicationJjApplicationTemplate
2024-10-27 18:38:41,516 [INFO] Middleware:617 - instanceName : STMicroelectronics.X-CUBE-AI.9.1.0 bspName : COM Port check condition success for : !SEMDeviceJjApplicationJjApplicationTemplate
2024-10-27 18:38:41,516 [INFO] Middleware:617 - instanceName : STMicroelectronics.X-CUBE-AI.9.1.0 bspName : COM Port check condition success for : !SEMDeviceJjApplicationJjApplicationTemplate
2024-10-27 18:38:41,516 [INFO] Middleware:617 - instanceName : STMicroelectronics.X-CUBE-AI.9.1.0 bspName : COM Port check condition success for : !SEMDeviceJjApplicationJjApplicationTemplate
2024-10-27 18:38:41,516 [INFO] Middleware:617 - instanceName : STMicroelectronics.X-CUBE-AI.9.1.0 bspName : COM Port check condition success for : !SEMDeviceJjApplicationJjApplicationTemplate
2024-10-27 18:38:41,516 [INFO] Middleware:617 - instanceName : STMicroelectronics.X-CUBE-AI.9.1.0 bspName : COM Port check condition success for : !SEMDeviceJjApplicationJjApplicationTemplate
2024-10-27 18:38:41,516 [INFO] Middleware:617 - instanceName : STMicroelectronics.X-CUBE-AI.9.1.0 bspName : COM Port check condition success for : !SEMDeviceJjApplicationJjApplicationTemplate
2024-10-27 18:38:41,544 [INFO] Middleware:617 - instanceName : STMicroelectronics.X-CUBE-AI.9.1.0 bspName : COM Port check condition success for : !SEMDeviceJjApplicationJjApplicationTemplate
2024-10-27 18:38:41,544 [INFO] Middleware:617 - instanceName : STMicroelectronics.X-CUBE-AI.9.1.0 bspName : COM Port check condition success for : !SEMDeviceJjApplicationJjApplicationTemplate
2024-10-27 18:38:41,544 [INFO] Middleware:617 - instanceName : STMicroelectronics.X-CUBE-AI.9.1.0 bspName : COM Port check condition success for : !SEMDeviceJjApplicationJjApplicationTemplate
2024-10-27 18:38:41,544 [INFO] Middleware:617 - instanceName : STMicroelectronics.X-CUBE-AI.9.1.0 bspName : COM Port check condition success for : !SEMDeviceJjApplicationJjApplicationTemplate
2024-10-27 18:38:41,544 [INFO] Middleware:617 - instanceName : STMicroelectronics.X-CUBE-AI.9.1.0 bspName : COM Port check condition success for : !SEMDeviceJjApplicationJjApplicationTemplate
2024-10-27 18:38:41,544 [INFO] Middleware:617 - instanceName : STMicroelectronics.X-CUBE-AI.9.1.0 bspName : COM Port check condition success for : !SEMDeviceJjApplicationJjApplicationTemplate
2024-10-27 18:38:41,567 [INFO] Middleware:617 - instanceName : STMicroelectronics.X-CUBE-AI.9.1.0 bspName : COM Port check condition success for : !SEMDeviceJjApplicationJjApplicationTemplate
2024-10-27 18:38:41,567 [INFO] Middleware:617 - instanceName : STMicroelectronics.X-CUBE-AI.9.1.0 bspName : COM Port check condition success for : !SEMDeviceJjApplicationJjApplicationTemplate
2024-10-27 18:38:41,568 [INFO] Middleware:617 - instanceName : STMicroelectronics.X-CUBE-AI.9.1.0 bspName : COM Port check condition success for : !SEMDeviceJjApplicationJjApplicationTemplate
2024-10-27 18:38:41,568 [INFO] Middleware:617 - instanceName : STMicroelectronics.X-CUBE-AI.9.1.0 bspName : COM Port check condition success for : !SEMDeviceJjApplicationJjApplicationTemplate
2024-10-27 18:38:41,568 [INFO] Middleware:617 - instanceName : STMicroelectronics.X-CUBE-AI.9.1.0 bspName : COM Port check condition success for : !SEMDeviceJjApplicationJjApplicationTemplate
2024-10-27 18:38:41,568 [INFO] Middleware:617 - instanceName : STMicroelectronics.X-CUBE-AI.9.1.0 bspName : COM Port check condition success for : !SEMDeviceJjApplicationJjApplicationTemplate
2024-10-27 18:39:42,964 [INFO] Middleware:617 - instanceName : STMicroelectronics.X-CUBE-AI.9.1.0 bspName : COM Port check condition success for : !SEMDeviceJjApplicationJjApplicationTemplate
2024-10-27 18:39:42,964 [INFO] Middleware:617 - instanceName : STMicroelectronics.X-CUBE-AI.9.1.0 bspName : COM Port check condition success for : !SEMDeviceJjApplicationJjApplicationTemplate
2024-10-27 18:39:42,964 [INFO] Middleware:617 - instanceName : STMicroelectronics.X-CUBE-AI.9.1.0 bspName : COM Port check condition success for : !SEMDeviceJjApplicationJjApplicationTemplate
2024-10-27 18:39:42,964 [INFO] Middleware:617 - instanceName : STMicroelectronics.X-CUBE-AI.9.1.0 bspName : COM Port check condition success for : !SEMDeviceJjApplicationJjApplicationTemplate
2024-10-27 18:39:42,964 [INFO] Middleware:617 - instanceName : STMicroelectronics.X-CUBE-AI.9.1.0 bspName : COM Port check condition success for : !SEMDeviceJjApplicationJjApplicationTemplate
2024-10-27 18:39:42,964 [INFO] Middleware:617 - instanceName : STMicroelectronics.X-CUBE-AI.9.1.0 bspName : COM Port check condition success for : !SEMDeviceJjApplicationJjApplicationTemplate
2024-10-27 18:39:59,508 [INFO] AInterface:523 - workspaceTempDir: C:/Users/Ivan/AppData/Local/Temp/mxAI_workspace141830534350010453392069478855442
2024-10-27 18:39:59,509 [INFO] AInterface:1117 - Setting Env: C:/Users/Ivan/STM32Cube/Repository/Packs/STMicroelectronics/X-CUBE-AI/9.1.0/Utilities/windows
2024-10-27 18:39:59,510 [INFO] AInterface:1174 - Custom PATH variable: C:/Users/Ivan/STM32Cube/Repository/Packs/STMicroelectronics/X-CUBE-AI/9.1.0/Utilities/windows;C:/Users/Ivan/STM32Cube/Repository/Packs/STMicroelectronics/X-CUBE-AI/9.1.0/Utilities/windows/mingw64/bin;C:/Users/Ivan/STM32Cube/Repository/Packs/STMicroelectronics/X-CUBE-AI/9.1.0/Utilities/windows/mingw64/libexec/gcc/x86_64-w64-mingw32/7.3.0;
2024-10-27 18:39:59,511 [INFO] CmdLine:102 - Command: C:/Users/Ivan/STM32Cube/Repository/Packs/STMicroelectronics/X-CUBE-AI/9.1.0/Utilities/windows/stedgeai.exe validate --target stm32l4 --name network -m C:/Users/Ivan/Desktop/ETH/Semester3/ml-on-mcu/ex6/jupyter/models/fmnist_model_f32.h5 --compression none --verbosity 1 --allocate-inputs --allocate-outputs --workspace C:/Users/Ivan/AppData/Local/Temp/mxAI_workspace141830534350010453392069478855442 --output C:/Users/Ivan/.stm32cubemx/network_output --mode target --desc serial:115200
2024-10-27 18:40:25,525 [INFO] CmdLine:67 - ST Edge AI Core v1.0.0-19894
2024-10-27 18:40:26,146 [INFO] CmdLine:67 - Setting validation data...
2024-10-27 18:40:26,147 [INFO] CmdLine:67 -  generating random data, size=10, seed=42, range=(0, 1)
2024-10-27 18:40:26,148 [INFO] CmdLine:67 -  I[1]: (10, 28, 1, 28)/float32, min/max=[0.000, 1.000], mean/std=[0.495, 0.289], input_0
2024-10-27 18:40:26,148 [INFO] CmdLine:67 -  No output/reference samples are provided
2024-10-27 18:40:26,157 [INFO] CmdLine:67 - Creating c (debug) info json file C:\Users\Ivan\AppData\Local\Temp\mxAI_workspace141830534350010453392069478855442\network_c_info.json
2024-10-27 18:40:26,678 [INFO] CmdLine:67 -  
2024-10-27 18:40:26,679 [INFO] CmdLine:67 -  Exec/report summary (validate)
2024-10-27 18:40:26,679 [INFO] CmdLine:67 -  --------------------------------------------------------------------------------------------------------------
2024-10-27 18:40:26,679 [INFO] CmdLine:67 -  model file         :   C:\Users\Ivan\Desktop\ETH\Semester3\ml-on-mcu\ex6\jupyter\models\fmnist_model_f32.h5   
2024-10-27 18:40:26,679 [INFO] CmdLine:67 -  type               :   keras                                                                                  
2024-10-27 18:40:26,679 [INFO] CmdLine:67 -  c_name             :   network                                                                                
2024-10-27 18:40:26,681 [INFO] CmdLine:67 -  compression        :   none                                                                                   
2024-10-27 18:40:26,681 [INFO] CmdLine:67 -  options            :   allocate-inputs, allocate-outputs                                                      
2024-10-27 18:40:26,681 [INFO] CmdLine:67 -  optimization       :   balanced                                                                               
2024-10-27 18:40:26,681 [INFO] CmdLine:67 -  target/series      :   stm32l4                                                                                
2024-10-27 18:40:26,682 [INFO] CmdLine:67 -  workspace dir      :   C:\Users\Ivan\AppData\Local\Temp\mxAI_workspace141830534350010453392069478855442       
2024-10-27 18:40:26,682 [INFO] CmdLine:67 -  output dir         :   C:\Users\Ivan\.stm32cubemx\network_output                                              
2024-10-27 18:40:26,682 [INFO] CmdLine:67 -  model_fmt          :   float                                                                                  
2024-10-27 18:40:26,682 [INFO] CmdLine:67 -  model_name         :   fmnist_model_f32                                                                       
2024-10-27 18:40:26,682 [INFO] CmdLine:67 -  model_hash         :   0x380258ce5506a98e73c694c25900e899                                                     
2024-10-27 18:40:26,682 [INFO] CmdLine:67 -  params #           :   20,410 items (79.73 KiB)                                                               
2024-10-27 18:40:26,683 [INFO] CmdLine:67 -  --------------------------------------------------------------------------------------------------------------
2024-10-27 18:40:26,683 [INFO] CmdLine:67 -  input 1/1          :   'input_0', f32(1x28x28), 3.06 KBytes, activations                                      
2024-10-27 18:40:26,683 [INFO] CmdLine:67 -  output 1/1         :   'dense', f32(1x10), 40 Bytes, activations                                              
2024-10-27 18:40:26,683 [INFO] CmdLine:67 -  macc               :   109,534                                                                                
2024-10-27 18:40:26,683 [INFO] CmdLine:67 -  weights (ro)       :   81,640 B (79.73 KiB) (1 segment)                                                       
2024-10-27 18:40:26,683 [INFO] CmdLine:67 -  activations (rw)   :   12,004 B (11.72 KiB) (1 segment) *                                                     
2024-10-27 18:40:26,683 [INFO] CmdLine:67 -  ram (total)        :   12,004 B (11.72 KiB) = 12,004 + 0 + 0                                                  
2024-10-27 18:40:26,684 [INFO] CmdLine:67 -  --------------------------------------------------------------------------------------------------------------
2024-10-27 18:40:26,684 [INFO] CmdLine:67 -  (*) 'input'/'output' buffers can be used from the activations buffer
2024-10-27 18:40:26,684 [INFO] CmdLine:67 - Running the Keras model...
2024-10-27 18:40:26,798 [INFO] CmdLine:67 - Running the STM AI c-model (AI RUNNER)...(name=network, mode=TARGET)
2024-10-27 18:40:27,905 [INFO] CmdLine:67 - INTERNAL ERROR: E801(HwIOError): Invalid firmware - COM7:115200
2024-10-27 18:40:28,273 [INFO] CmdLine:134 - stm32ai exit with status: -1
2024-10-27 18:40:28,273 [ERROR] CmdLine:137 - stm32ai return with an error
2024-10-27 18:40:28,283 [INFO] AIModelDetailledView:2793 - Validation ended
2024-10-27 18:40:28,306 [INFO] Middleware:617 - instanceName : STMicroelectronics.X-CUBE-AI.9.1.0 bspName : COM Port check condition success for : !SEMDeviceJjApplicationJjApplicationTemplate
2024-10-27 18:40:28,306 [INFO] Middleware:617 - instanceName : STMicroelectronics.X-CUBE-AI.9.1.0 bspName : COM Port check condition success for : !SEMDeviceJjApplicationJjApplicationTemplate
2024-10-27 18:40:28,306 [INFO] Middleware:617 - instanceName : STMicroelectronics.X-CUBE-AI.9.1.0 bspName : COM Port check condition success for : !SEMDeviceJjApplicationJjApplicationTemplate
2024-10-27 18:40:28,306 [INFO] Middleware:617 - instanceName : STMicroelectronics.X-CUBE-AI.9.1.0 bspName : COM Port check condition success for : !SEMDeviceJjApplicationJjApplicationTemplate
2024-10-27 18:40:28,306 [INFO] Middleware:617 - instanceName : STMicroelectronics.X-CUBE-AI.9.1.0 bspName : COM Port check condition success for : !SEMDeviceJjApplicationJjApplicationTemplate
2024-10-27 18:40:28,306 [INFO] Middleware:617 - instanceName : STMicroelectronics.X-CUBE-AI.9.1.0 bspName : COM Port check condition success for : !SEMDeviceJjApplicationJjApplicationTemplate
2024-10-27 18:40:28,334 [INFO] Middleware:617 - instanceName : STMicroelectronics.X-CUBE-AI.9.1.0 bspName : COM Port check condition success for : !SEMDeviceJjApplicationJjApplicationTemplate
2024-10-27 18:40:28,334 [INFO] Middleware:617 - instanceName : STMicroelectronics.X-CUBE-AI.9.1.0 bspName : COM Port check condition success for : !SEMDeviceJjApplicationJjApplicationTemplate
2024-10-27 18:40:28,334 [INFO] Middleware:617 - instanceName : STMicroelectronics.X-CUBE-AI.9.1.0 bspName : COM Port check condition success for : !SEMDeviceJjApplicationJjApplicationTemplate
2024-10-27 18:40:28,334 [INFO] Middleware:617 - instanceName : STMicroelectronics.X-CUBE-AI.9.1.0 bspName : COM Port check condition success for : !SEMDeviceJjApplicationJjApplicationTemplate
2024-10-27 18:40:28,334 [INFO] Middleware:617 - instanceName : STMicroelectronics.X-CUBE-AI.9.1.0 bspName : COM Port check condition success for : !SEMDeviceJjApplicationJjApplicationTemplate
2024-10-27 18:40:28,334 [INFO] Middleware:617 - instanceName : STMicroelectronics.X-CUBE-AI.9.1.0 bspName : COM Port check condition success for : !SEMDeviceJjApplicationJjApplicationTemplate
2024-10-27 18:40:28,357 [INFO] Middleware:617 - instanceName : STMicroelectronics.X-CUBE-AI.9.1.0 bspName : COM Port check condition success for : !SEMDeviceJjApplicationJjApplicationTemplate
2024-10-27 18:40:28,358 [INFO] Middleware:617 - instanceName : STMicroelectronics.X-CUBE-AI.9.1.0 bspName : COM Port check condition success for : !SEMDeviceJjApplicationJjApplicationTemplate
2024-10-27 18:40:28,358 [INFO] Middleware:617 - instanceName : STMicroelectronics.X-CUBE-AI.9.1.0 bspName : COM Port check condition success for : !SEMDeviceJjApplicationJjApplicationTemplate
2024-10-27 18:40:28,358 [INFO] Middleware:617 - instanceName : STMicroelectronics.X-CUBE-AI.9.1.0 bspName : COM Port check condition success for : !SEMDeviceJjApplicationJjApplicationTemplate
2024-10-27 18:40:28,358 [INFO] Middleware:617 - instanceName : STMicroelectronics.X-CUBE-AI.9.1.0 bspName : COM Port check condition success for : !SEMDeviceJjApplicationJjApplicationTemplate
2024-10-27 18:40:28,358 [INFO] Middleware:617 - instanceName : STMicroelectronics.X-CUBE-AI.9.1.0 bspName : COM Port check condition success for : !SEMDeviceJjApplicationJjApplicationTemplate
2024-10-27 18:40:28,383 [INFO] Middleware:617 - instanceName : STMicroelectronics.X-CUBE-AI.9.1.0 bspName : COM Port check condition success for : !SEMDeviceJjApplicationJjApplicationTemplate
2024-10-27 18:40:28,383 [INFO] Middleware:617 - instanceName : STMicroelectronics.X-CUBE-AI.9.1.0 bspName : COM Port check condition success for : !SEMDeviceJjApplicationJjApplicationTemplate
2024-10-27 18:40:28,383 [INFO] Middleware:617 - instanceName : STMicroelectronics.X-CUBE-AI.9.1.0 bspName : COM Port check condition success for : !SEMDeviceJjApplicationJjApplicationTemplate
2024-10-27 18:40:28,383 [INFO] Middleware:617 - instanceName : STMicroelectronics.X-CUBE-AI.9.1.0 bspName : COM Port check condition success for : !SEMDeviceJjApplicationJjApplicationTemplate
2024-10-27 18:40:28,383 [INFO] Middleware:617 - instanceName : STMicroelectronics.X-CUBE-AI.9.1.0 bspName : COM Port check condition success for : !SEMDeviceJjApplicationJjApplicationTemplate
2024-10-27 18:40:28,383 [INFO] Middleware:617 - instanceName : STMicroelectronics.X-CUBE-AI.9.1.0 bspName : COM Port check condition success for : !SEMDeviceJjApplicationJjApplicationTemplate
2024-10-27 18:41:01,546 [INFO] AInterface:252 - ModelName:network; files:[C:\Users\Ivan\Desktop\ETH\Semester3\ml-on-mcu\ex6\jupyter\models\fmnist_model_f32.h5]; type:Keras; compression:None
2024-10-27 18:41:01,548 [INFO] AInterface:523 - workspaceTempDir: C:/Users/Ivan/AppData/Local/Temp/mxAI_workspace148034397870013018967643872067364
2024-10-27 18:41:01,548 [INFO] AInterface:1117 - Setting Env: C:/Users/Ivan/STM32Cube/Repository/Packs/STMicroelectronics/X-CUBE-AI/9.1.0/Utilities/windows
2024-10-27 18:41:01,558 [INFO] STM32CubeIDEBuilder:265 - Looking for gnu-tools-for-stm32 tools/bin/arm-none-eabi-gcc.exe in C:\ST\STM32CubeIDE_1.14.1\STM32CubeIDE
2024-10-27 18:41:01,564 [INFO] STM32CubeIDEBuilder:294 - checking C:\ST\STM32CubeIDE_1.14.1\STM32CubeIDE\plugins\com.st.stm32cube.ide.mcu.externaltools.gnu-tools-for-stm32.11.3.rel1.win32_1.1.100.202309141235\tools\bin\arm-none-eabi-gcc.exe
2024-10-27 18:41:01,564 [INFO] STM32CubeIDEBuilder:297 - ret=C:\ST\STM32CubeIDE_1.14.1\STM32CubeIDE\plugins\com.st.stm32cube.ide.mcu.externaltools.gnu-tools-for-stm32.11.3.rel1.win32_1.1.100.202309141235\tools\bin\arm-none-eabi-gcc.exe
2024-10-27 18:41:01,565 [INFO] STM32CubeIDEBuilder:311 - returning C:\ST\STM32CubeIDE_1.14.1\STM32CubeIDE\plugins\com.st.stm32cube.ide.mcu.externaltools.gnu-tools-for-stm32.11.3.rel1.win32_1.1.100.202309141235\tools\bin\arm-none-eabi-gcc.exe
2024-10-27 18:41:01,565 [INFO] AInterface:1174 - Custom PATH variable: C:/Users/Ivan/STM32Cube/Repository/Packs/STMicroelectronics/X-CUBE-AI/9.1.0/Utilities/windows;C:/Users/Ivan/STM32Cube/Repository/Packs/STMicroelectronics/X-CUBE-AI/9.1.0/Utilities/windows/mingw64/bin;C:/Users/Ivan/STM32Cube/Repository/Packs/STMicroelectronics/X-CUBE-AI/9.1.0/Utilities/windows/mingw64/libexec/gcc/x86_64-w64-mingw32/7.3.0;;C:\ST\STM32CubeIDE_1.14.1\STM32CubeIDE\plugins\com.st.stm32cube.ide.mcu.externaltools.gnu-tools-for-stm32.11.3.rel1.win32_1.1.100.202309141235\tools\bin
2024-10-27 18:41:01,566 [INFO] CmdLine:102 - Command: C:/Users/Ivan/STM32Cube/Repository/Packs/STMicroelectronics/X-CUBE-AI/9.1.0/Utilities/windows/stedgeai.exe analyze --target stm32l4 --name network -m C:/Users/Ivan/Desktop/ETH/Semester3/ml-on-mcu/ex6/jupyter/models/fmnist_model_f32.h5 --compression none --verbosity 1 --allocate-inputs --allocate-outputs --workspace C:/Users/Ivan/AppData/Local/Temp/mxAI_workspace148034397870013018967643872067364 --output C:/Users/Ivan/.stm32cubemx/network_output
2024-10-27 18:41:01,568 [INFO] AIModelDetailledView:2350 - Analysis status: pending
2024-10-27 18:41:07,491 [INFO] CmdLine:67 - ST Edge AI Core v1.0.0-19894
2024-10-27 18:41:08,104 [INFO] CmdLine:67 - Creating c (debug) info json file C:\Users\Ivan\AppData\Local\Temp\mxAI_workspace148034397870013018967643872067364\network_c_info.json
2024-10-27 18:41:08,142 [INFO] CmdLine:67 -  
2024-10-27 18:41:08,142 [INFO] CmdLine:67 -  Exec/report summary (analyze)
2024-10-27 18:41:08,142 [INFO] CmdLine:67 -  --------------------------------------------------------------------------------------------------------------
2024-10-27 18:41:08,142 [INFO] CmdLine:67 -  model file         :   C:\Users\Ivan\Desktop\ETH\Semester3\ml-on-mcu\ex6\jupyter\models\fmnist_model_f32.h5   
2024-10-27 18:41:08,142 [INFO] CmdLine:67 -  type               :   keras                                                                                  
2024-10-27 18:41:08,143 [INFO] CmdLine:67 -  c_name             :   network                                                                                
2024-10-27 18:41:08,143 [INFO] CmdLine:67 -  compression        :   none                                                                                   
2024-10-27 18:41:08,144 [INFO] CmdLine:67 -  options            :   allocate-inputs, allocate-outputs                                                      
2024-10-27 18:41:08,144 [INFO] CmdLine:67 -  optimization       :   balanced                                                                               
2024-10-27 18:41:08,145 [INFO] CmdLine:67 -  target/series      :   stm32l4                                                                                
2024-10-27 18:41:08,145 [INFO] CmdLine:67 -  workspace dir      :   C:\Users\Ivan\AppData\Local\Temp\mxAI_workspace148034397870013018967643872067364       
2024-10-27 18:41:08,146 [INFO] CmdLine:67 -  output dir         :   C:\Users\Ivan\.stm32cubemx\network_output                                              
2024-10-27 18:41:08,146 [INFO] CmdLine:67 -  model_fmt          :   float                                                                                  
2024-10-27 18:41:08,146 [INFO] CmdLine:67 -  model_name         :   fmnist_model_f32                                                                       
2024-10-27 18:41:08,146 [INFO] CmdLine:67 -  model_hash         :   0x380258ce5506a98e73c694c25900e899                                                     
2024-10-27 18:41:08,146 [INFO] CmdLine:67 -  params #           :   20,410 items (79.73 KiB)                                                               
2024-10-27 18:41:08,146 [INFO] CmdLine:67 -  --------------------------------------------------------------------------------------------------------------
2024-10-27 18:41:08,146 [INFO] CmdLine:67 -  input 1/1          :   'input_0', f32(1x28x28), 3.06 KBytes, activations                                      
2024-10-27 18:41:08,146 [INFO] CmdLine:67 -  output 1/1         :   'dense', f32(1x10), 40 Bytes, activations                                              
2024-10-27 18:41:08,148 [INFO] CmdLine:67 -  macc               :   109,534                                                                                
2024-10-27 18:41:08,148 [INFO] CmdLine:67 -  weights (ro)       :   81,640 B (79.73 KiB) (1 segment)                                                       
2024-10-27 18:41:08,148 [INFO] CmdLine:67 -  activations (rw)   :   12,004 B (11.72 KiB) (1 segment) *                                                     
2024-10-27 18:41:08,148 [INFO] CmdLine:67 -  ram (total)        :   12,004 B (11.72 KiB) = 12,004 + 0 + 0                                                  
2024-10-27 18:41:08,148 [INFO] CmdLine:67 -  --------------------------------------------------------------------------------------------------------------
2024-10-27 18:41:08,149 [INFO] CmdLine:67 -  (*) 'input'/'output' buffers can be used from the activations buffer
2024-10-27 18:41:08,149 [INFO] CmdLine:67 - Computing AI RT data/code size (target=stm32l4)..
2024-10-27 18:41:09,923 [INFO] CmdLine:67 -  Model name - fmnist_model_f32
2024-10-27 18:41:09,924 [INFO] CmdLine:67 -  ------ ------------------------------ ---------------------- --------------- -------- ---------------
2024-10-27 18:41:09,924 [INFO] CmdLine:67 -  m_id   layer (original)               oshape                 param/size          macc    connected to
2024-10-27 18:41:09,924 [INFO] CmdLine:67 -  ------ ------------------------------ ---------------------- --------------- -------- ---------------
2024-10-27 18:41:09,924 [INFO] CmdLine:67 -  0      input_0 (None)                 [b:1,h:28,c:28]
2024-10-27 18:41:09,925 [INFO] CmdLine:67 -         reshape (Reshape)              [b:1,h:28,w:28,c:1]                                     input_0
2024-10-27 18:41:09,925 [INFO] CmdLine:67 -  ------ ------------------------------ ---------------------- --------------- -------- ---------------
2024-10-27 18:41:09,925 [INFO] CmdLine:67 -  1      conv2d_conv2d (Conv2D)         [b:1,h:26,w:26,c:12]   120/480           73,020         reshape
2024-10-27 18:41:09,925 [INFO] CmdLine:67 -         conv2d (Conv2D)                [b:1,h:26,w:26,c:12]                      8,112   conv2d_conv2d
2024-10-27 18:41:09,927 [INFO] CmdLine:67 -  ------ ------------------------------ ---------------------- --------------- -------- ---------------
2024-10-27 18:41:09,927 [INFO] CmdLine:67 -  2      max_pooling2d (MaxPooling2D)   [b:1,h:13,w:13,c:12]                      8,112          conv2d
2024-10-27 18:41:09,927 [INFO] CmdLine:67 -  ------ ------------------------------ ---------------------- --------------- -------- ---------------
2024-10-27 18:41:09,928 [INFO] CmdLine:67 -  3      flatten (Flatten)              [b:1,c:2028]                                      max_pooling2d
2024-10-27 18:41:09,928 [INFO] CmdLine:67 -  ------ ------------------------------ ---------------------- --------------- -------- ---------------
2024-10-27 18:41:09,928 [INFO] CmdLine:67 -  4      dense (Dense)                  [b:1,c:10]             20,290/81,160     20,290         flatten
2024-10-27 18:41:09,928 [INFO] CmdLine:67 -  ------ ------------------------------ ---------------------- --------------- -------- ---------------
2024-10-27 18:41:09,930 [INFO] CmdLine:67 -  model: macc=109,534 weights=81,640 activations=-- io=--
2024-10-27 18:41:09,931 [INFO] CmdLine:67 -  Number of operations per c-layer
2024-10-27 18:41:09,931 [INFO] CmdLine:67 -  ------- ------ ------------------------ --------- --------------
2024-10-27 18:41:09,931 [INFO] CmdLine:67 -  c_id    m_id   name (type)                    #op           type
2024-10-27 18:41:09,932 [INFO] CmdLine:67 -  ------- ------ ------------------------ --------- --------------
2024-10-27 18:41:09,932 [INFO] CmdLine:67 -  0       2      conv2d_conv2d (Conv2D)      89,244   smul_f32_f32
2024-10-27 18:41:09,932 [INFO] CmdLine:67 -  1       4      dense (Dense)               20,290   smul_f32_f32
2024-10-27 18:41:09,932 [INFO] CmdLine:67 -  ------- ------ ------------------------ --------- --------------
2024-10-27 18:41:09,932 [INFO] CmdLine:67 -  total                                     109,534
2024-10-27 18:41:09,933 [INFO] CmdLine:67 -  Number of operation types
2024-10-27 18:41:09,933 [INFO] CmdLine:67 -  ---------------- --------- -----------
2024-10-27 18:41:09,933 [INFO] CmdLine:67 -  operation type           #           %
2024-10-27 18:41:09,933 [INFO] CmdLine:67 -  ---------------- --------- -----------
2024-10-27 18:41:09,933 [INFO] CmdLine:67 -  smul_f32_f32       109,534      100.0%
2024-10-27 18:41:09,933 [INFO] CmdLine:67 -  Complexity report (model)
2024-10-27 18:41:09,934 [INFO] CmdLine:67 -  ------ --------------- ------------------------- ------------------------- ------
2024-10-27 18:41:09,934 [INFO] CmdLine:67 -  m_id   name            c_macc                    c_rom                     c_id
2024-10-27 18:41:09,934 [INFO] CmdLine:67 -  ------ --------------- ------------------------- ------------------------- ------
2024-10-27 18:41:09,934 [INFO] CmdLine:67 -  2      max_pooling2d   ||||||||||||||||  81.5%   |                  0.6%   [0]
2024-10-27 18:41:09,936 [INFO] CmdLine:67 -  4      dense           ||||              18.5%   ||||||||||||||||  99.4%   [1]
2024-10-27 18:41:09,936 [INFO] CmdLine:67 -  ------ --------------- ------------------------- ------------------------- ------
2024-10-27 18:41:09,938 [INFO] CmdLine:67 -  macc=109,534 weights=81,640 act=12,004 ram_io=0
2024-10-27 18:41:09,938 [INFO] CmdLine:67 -  Requested memory size by section - "stm32l4" target
2024-10-27 18:41:09,938 [INFO] CmdLine:67 -  ----------------------------- -------- -------- ------- --------
2024-10-27 18:41:09,938 [INFO] CmdLine:67 -  module                            text   rodata    data      bss
2024-10-27 18:41:09,939 [INFO] CmdLine:67 -  ----------------------------- -------- -------- ------- --------
2024-10-27 18:41:09,939 [INFO] CmdLine:67 -  NetworkRuntime910_CM4_GCC.a      9,972        0       0        0
2024-10-27 18:41:09,939 [INFO] CmdLine:67 -  network.o                          482       16   1,288      148
2024-10-27 18:41:09,939 [INFO] CmdLine:67 -  network_data.o                      48       16      88        0
2024-10-27 18:41:09,939 [INFO] CmdLine:67 -  lib (toolchain)*                     0        0       0        0
2024-10-27 18:41:09,939 [INFO] CmdLine:67 -  ----------------------------- -------- -------- ------- --------
2024-10-27 18:41:09,940 [INFO] CmdLine:67 -  RT total**                      10,502       32   1,376      148
2024-10-27 18:41:09,940 [INFO] CmdLine:67 -  ----------------------------- -------- -------- ------- --------
2024-10-27 18:41:09,940 [INFO] CmdLine:67 -  weights                              0   81,640       0        0
2024-10-27 18:41:09,940 [INFO] CmdLine:67 -  activations                          0        0       0   12,004
2024-10-27 18:41:09,940 [INFO] CmdLine:67 -  io                                   0        0       0        0
2024-10-27 18:41:09,941 [INFO] CmdLine:67 -  ----------------------------- -------- -------- ------- --------
2024-10-27 18:41:09,941 [INFO] CmdLine:67 -  TOTAL                           10,502   81,672   1,376   12,152
2024-10-27 18:41:09,941 [INFO] CmdLine:67 -  ----------------------------- -------- -------- ------- --------
2024-10-27 18:41:09,941 [INFO] CmdLine:67 -  *  toolchain objects (libm/libgcc*)
2024-10-27 18:41:09,941 [INFO] CmdLine:67 -  ** RT AI runtime objects (kernels+infrastructure)
2024-10-27 18:41:09,941 [INFO] CmdLine:67 -   Summary - "stm32l4" target
2024-10-27 18:41:09,941 [INFO] CmdLine:67 -   ---------------------------------------------------
2024-10-27 18:41:09,942 [INFO] CmdLine:67 -                FLASH (ro)      %*   RAM (rw)       %
2024-10-27 18:41:09,942 [INFO] CmdLine:67 -   ---------------------------------------------------
2024-10-27 18:41:09,946 [INFO] CmdLine:67 -   RT total         11,910   12.7%      1,524   11.3%
2024-10-27 18:41:09,946 [INFO] CmdLine:67 -   ---------------------------------------------------
2024-10-27 18:41:09,946 [INFO] CmdLine:67 -   TOTAL            93,550             13,528
2024-10-27 18:41:09,947 [INFO] CmdLine:67 -   ---------------------------------------------------
2024-10-27 18:41:09,947 [INFO] CmdLine:67 -   *  rt/total
2024-10-27 18:41:09,947 [INFO] CmdLine:67 - Creating txt report file C:\Users\Ivan\.stm32cubemx\network_output\network_analyze_report.txt
2024-10-27 18:41:10,256 [INFO] CmdLine:67 - elapsed time (analyze): 8.077s
2024-10-27 18:41:10,644 [INFO] CmdLine:134 - stm32ai exit with status: 0
2024-10-27 18:41:10,654 [INFO] AIModelDetailledView:1172 - Model file:      fmnist_model_f32.h5
2024-10-27 18:41:10,654 [INFO] AIModelDetailledView:1172 - Total Flash:     93550 B (91.36 KiB)
2024-10-27 18:41:10,654 [INFO] AIModelDetailledView:1172 -     Weights:     81640 B (79.73 KiB)
2024-10-27 18:41:10,655 [INFO] AIModelDetailledView:1172 -     Library:     11910 B (11.63 KiB)
2024-10-27 18:41:10,656 [INFO] AIModelDetailledView:1172 - Total Ram:       13528 B (13.21 KiB)
2024-10-27 18:41:10,656 [INFO] AIModelDetailledView:1172 -     Activations: 12004 B (11.72 KiB)
2024-10-27 18:41:10,656 [INFO] AIModelDetailledView:1172 -     Library:     1524 B (1.49 KiB)
2024-10-27 18:41:10,656 [INFO] AIModelDetailledView:1172 -     Input:       3136 B (3.06 KiB included in Activations)
2024-10-27 18:41:10,656 [INFO] AIModelDetailledView:1172 -     Output:      40 B (included in Activations)
2024-10-27 18:41:10,656 [INFO] AIModelDetailledView:1172 - Done
2024-10-27 18:41:10,656 [INFO] AIModelDetailledView:2685 - Analyze complete on AI model
2024-10-27 18:41:10,677 [INFO] Middleware:617 - instanceName : STMicroelectronics.X-CUBE-AI.9.1.0 bspName : COM Port check condition success for : !SEMDeviceJjApplicationJjApplicationTemplate
2024-10-27 18:41:10,678 [INFO] Middleware:617 - instanceName : STMicroelectronics.X-CUBE-AI.9.1.0 bspName : COM Port check condition success for : !SEMDeviceJjApplicationJjApplicationTemplate
2024-10-27 18:41:10,678 [INFO] Middleware:617 - instanceName : STMicroelectronics.X-CUBE-AI.9.1.0 bspName : COM Port check condition success for : !SEMDeviceJjApplicationJjApplicationTemplate
2024-10-27 18:41:10,678 [INFO] Middleware:617 - instanceName : STMicroelectronics.X-CUBE-AI.9.1.0 bspName : COM Port check condition success for : !SEMDeviceJjApplicationJjApplicationTemplate
2024-10-27 18:41:10,678 [INFO] Middleware:617 - instanceName : STMicroelectronics.X-CUBE-AI.9.1.0 bspName : COM Port check condition success for : !SEMDeviceJjApplicationJjApplicationTemplate
2024-10-27 18:41:10,678 [INFO] Middleware:617 - instanceName : STMicroelectronics.X-CUBE-AI.9.1.0 bspName : COM Port check condition success for : !SEMDeviceJjApplicationJjApplicationTemplate
2024-10-27 18:41:10,701 [INFO] Middleware:617 - instanceName : STMicroelectronics.X-CUBE-AI.9.1.0 bspName : COM Port check condition success for : !SEMDeviceJjApplicationJjApplicationTemplate
2024-10-27 18:41:10,701 [INFO] Middleware:617 - instanceName : STMicroelectronics.X-CUBE-AI.9.1.0 bspName : COM Port check condition success for : !SEMDeviceJjApplicationJjApplicationTemplate
2024-10-27 18:41:10,701 [INFO] Middleware:617 - instanceName : STMicroelectronics.X-CUBE-AI.9.1.0 bspName : COM Port check condition success for : !SEMDeviceJjApplicationJjApplicationTemplate
2024-10-27 18:41:10,701 [INFO] Middleware:617 - instanceName : STMicroelectronics.X-CUBE-AI.9.1.0 bspName : COM Port check condition success for : !SEMDeviceJjApplicationJjApplicationTemplate
2024-10-27 18:41:10,702 [INFO] Middleware:617 - instanceName : STMicroelectronics.X-CUBE-AI.9.1.0 bspName : COM Port check condition success for : !SEMDeviceJjApplicationJjApplicationTemplate
2024-10-27 18:41:10,702 [INFO] Middleware:617 - instanceName : STMicroelectronics.X-CUBE-AI.9.1.0 bspName : COM Port check condition success for : !SEMDeviceJjApplicationJjApplicationTemplate
2024-10-27 18:41:10,720 [INFO] AIModelDetailledView:2350 - Analysis status: done
2024-10-27 18:42:03,066 [INFO] AIModelDetailledView:1515 - User cancel the validation on target procedure
2024-10-27 18:42:05,410 [INFO] UtilMem:75 - End SaveConfig() Used Memory: 694065568 Bytes (1073741824)
2024-10-27 18:42:05,467 [INFO] Middleware:617 - instanceName : STMicroelectronics.X-CUBE-AI.9.1.0 bspName : COM Port check condition success for : !SEMDeviceJjApplicationJjApplicationTemplate
2024-10-27 18:42:05,467 [INFO] Middleware:617 - instanceName : STMicroelectronics.X-CUBE-AI.9.1.0 bspName : COM Port check condition success for : !SEMDeviceJjApplicationJjApplicationTemplate
2024-10-27 18:42:05,467 [INFO] Middleware:617 - instanceName : STMicroelectronics.X-CUBE-AI.9.1.0 bspName : COM Port check condition success for : !SEMDeviceJjApplicationJjApplicationTemplate
2024-10-27 18:42:05,506 [INFO] Middleware:617 - instanceName : STMicroelectronics.X-CUBE-AI.9.1.0 bspName : COM Port check condition success for : !SEMDeviceJjApplicationJjApplicationTemplate
2024-10-27 18:42:05,506 [INFO] Middleware:617 - instanceName : STMicroelectronics.X-CUBE-AI.9.1.0 bspName : COM Port check condition success for : !SEMDeviceJjApplicationJjApplicationTemplate
2024-10-27 18:42:05,506 [INFO] Middleware:617 - instanceName : STMicroelectronics.X-CUBE-AI.9.1.0 bspName : COM Port check condition success for : !SEMDeviceJjApplicationJjApplicationTemplate
2024-10-27 18:42:05,506 [INFO] Middleware:617 - instanceName : STMicroelectronics.X-CUBE-AI.9.1.0 bspName : COM Port check condition success for : !SEMDeviceJjApplicationJjApplicationTemplate
2024-10-27 18:42:05,506 [INFO] Middleware:617 - instanceName : STMicroelectronics.X-CUBE-AI.9.1.0 bspName : COM Port check condition success for : !SEMDeviceJjApplicationJjApplicationTemplate
2024-10-27 18:42:05,506 [INFO] Middleware:617 - instanceName : STMicroelectronics.X-CUBE-AI.9.1.0 bspName : COM Port check condition success for : !SEMDeviceJjApplicationJjApplicationTemplate
2024-10-27 18:42:05,530 [INFO] Middleware:617 - instanceName : STMicroelectronics.X-CUBE-AI.9.1.0 bspName : COM Port check condition success for : !SEMDeviceJjApplicationJjApplicationTemplate
2024-10-27 18:42:05,530 [INFO] Middleware:617 - instanceName : STMicroelectronics.X-CUBE-AI.9.1.0 bspName : COM Port check condition success for : !SEMDeviceJjApplicationJjApplicationTemplate
2024-10-27 18:42:05,530 [INFO] Middleware:617 - instanceName : STMicroelectronics.X-CUBE-AI.9.1.0 bspName : COM Port check condition success for : !SEMDeviceJjApplicationJjApplicationTemplate
2024-10-27 18:42:05,530 [INFO] Middleware:617 - instanceName : STMicroelectronics.X-CUBE-AI.9.1.0 bspName : COM Port check condition success for : !SEMDeviceJjApplicationJjApplicationTemplate
2024-10-27 18:42:05,530 [INFO] Middleware:617 - instanceName : STMicroelectronics.X-CUBE-AI.9.1.0 bspName : COM Port check condition success for : !SEMDeviceJjApplicationJjApplicationTemplate
2024-10-27 18:42:05,530 [INFO] Middleware:617 - instanceName : STMicroelectronics.X-CUBE-AI.9.1.0 bspName : COM Port check condition success for : !SEMDeviceJjApplicationJjApplicationTemplate
2024-10-27 18:42:05,535 [INFO] AIModelDetailledView:2350 - Analysis status: -
2024-10-27 18:42:05,537 [INFO] AInterface:252 - ModelName:network; files:[C:\Users\Ivan\Desktop\ETH\Semester3\ml-on-mcu\ex6\jupyter\models\fmnist_model_f32.h5]; type:Keras; compression:None
2024-10-27 18:42:05,537 [INFO] AInterface:523 - workspaceTempDir: C:/Users/Ivan/AppData/Local/Temp/mxAI_workspace154433392710015234666268164599614
2024-10-27 18:42:05,537 [INFO] AInterface:1117 - Setting Env: C:/Users/Ivan/STM32Cube/Repository/Packs/STMicroelectronics/X-CUBE-AI/9.1.0/Utilities/windows
2024-10-27 18:42:05,538 [INFO] STM32CubeIDEBuilder:265 - Looking for gnu-tools-for-stm32 tools/bin/arm-none-eabi-gcc.exe in C:\ST\STM32CubeIDE_1.14.1\STM32CubeIDE
2024-10-27 18:42:05,540 [INFO] STM32CubeIDEBuilder:294 - checking C:\ST\STM32CubeIDE_1.14.1\STM32CubeIDE\plugins\com.st.stm32cube.ide.mcu.externaltools.gnu-tools-for-stm32.11.3.rel1.win32_1.1.100.202309141235\tools\bin\arm-none-eabi-gcc.exe
2024-10-27 18:42:05,540 [INFO] STM32CubeIDEBuilder:297 - ret=C:\ST\STM32CubeIDE_1.14.1\STM32CubeIDE\plugins\com.st.stm32cube.ide.mcu.externaltools.gnu-tools-for-stm32.11.3.rel1.win32_1.1.100.202309141235\tools\bin\arm-none-eabi-gcc.exe
2024-10-27 18:42:05,540 [INFO] STM32CubeIDEBuilder:311 - returning C:\ST\STM32CubeIDE_1.14.1\STM32CubeIDE\plugins\com.st.stm32cube.ide.mcu.externaltools.gnu-tools-for-stm32.11.3.rel1.win32_1.1.100.202309141235\tools\bin\arm-none-eabi-gcc.exe
2024-10-27 18:42:05,540 [INFO] AInterface:1174 - Custom PATH variable: C:/Users/Ivan/STM32Cube/Repository/Packs/STMicroelectronics/X-CUBE-AI/9.1.0/Utilities/windows;C:/Users/Ivan/STM32Cube/Repository/Packs/STMicroelectronics/X-CUBE-AI/9.1.0/Utilities/windows/mingw64/bin;C:/Users/Ivan/STM32Cube/Repository/Packs/STMicroelectronics/X-CUBE-AI/9.1.0/Utilities/windows/mingw64/libexec/gcc/x86_64-w64-mingw32/7.3.0;;C:\ST\STM32CubeIDE_1.14.1\STM32CubeIDE\plugins\com.st.stm32cube.ide.mcu.externaltools.gnu-tools-for-stm32.11.3.rel1.win32_1.1.100.202309141235\tools\bin
2024-10-27 18:42:05,540 [INFO] CmdLine:102 - Command: C:/Users/Ivan/STM32Cube/Repository/Packs/STMicroelectronics/X-CUBE-AI/9.1.0/Utilities/windows/stedgeai.exe analyze --target stm32l4 --name network -m C:/Users/Ivan/Desktop/ETH/Semester3/ml-on-mcu/ex6/jupyter/models/fmnist_model_f32.h5 --compression none --verbosity 1 --allocate-inputs --allocate-outputs --workspace C:/Users/Ivan/AppData/Local/Temp/mxAI_workspace154433392710015234666268164599614 --output C:/Users/Ivan/.stm32cubemx/network_output
2024-10-27 18:42:05,541 [INFO] AIModelDetailledView:2350 - Analysis status: pending
2024-10-27 18:42:10,729 [INFO] CmdLine:67 - ST Edge AI Core v1.0.0-19894
2024-10-27 18:42:11,305 [INFO] CmdLine:67 - Creating c (debug) info json file C:\Users\Ivan\AppData\Local\Temp\mxAI_workspace154433392710015234666268164599614\network_c_info.json
2024-10-27 18:42:11,336 [INFO] CmdLine:67 -  
2024-10-27 18:42:11,336 [INFO] CmdLine:67 -  Exec/report summary (analyze)
2024-10-27 18:42:11,336 [INFO] CmdLine:67 -  --------------------------------------------------------------------------------------------------------------
2024-10-27 18:42:11,336 [INFO] CmdLine:67 -  model file         :   C:\Users\Ivan\Desktop\ETH\Semester3\ml-on-mcu\ex6\jupyter\models\fmnist_model_f32.h5   
2024-10-27 18:42:11,336 [INFO] CmdLine:67 -  type               :   keras                                                                                  
2024-10-27 18:42:11,336 [INFO] CmdLine:67 -  c_name             :   network                                                                                
2024-10-27 18:42:11,338 [INFO] CmdLine:67 -  compression        :   none                                                                                   
2024-10-27 18:42:11,338 [INFO] CmdLine:67 -  options            :   allocate-inputs, allocate-outputs                                                      
2024-10-27 18:42:11,338 [INFO] CmdLine:67 -  optimization       :   balanced                                                                               
2024-10-27 18:42:11,338 [INFO] CmdLine:67 -  target/series      :   stm32l4                                                                                
2024-10-27 18:42:11,338 [INFO] CmdLine:67 -  workspace dir      :   C:\Users\Ivan\AppData\Local\Temp\mxAI_workspace154433392710015234666268164599614       
2024-10-27 18:42:11,338 [INFO] CmdLine:67 -  output dir         :   C:\Users\Ivan\.stm32cubemx\network_output                                              
2024-10-27 18:42:11,338 [INFO] CmdLine:67 -  model_fmt          :   float                                                                                  
2024-10-27 18:42:11,338 [INFO] CmdLine:67 -  model_name         :   fmnist_model_f32                                                                       
2024-10-27 18:42:11,338 [INFO] CmdLine:67 -  model_hash         :   0x380258ce5506a98e73c694c25900e899                                                     
2024-10-27 18:42:11,338 [INFO] CmdLine:67 -  params #           :   20,410 items (79.73 KiB)                                                               
2024-10-27 18:42:11,338 [INFO] CmdLine:67 -  --------------------------------------------------------------------------------------------------------------
2024-10-27 18:42:11,339 [INFO] CmdLine:67 -  input 1/1          :   'input_0', f32(1x28x28), 3.06 KBytes, activations                                      
2024-10-27 18:42:11,339 [INFO] CmdLine:67 -  output 1/1         :   'dense', f32(1x10), 40 Bytes, activations                                              
2024-10-27 18:42:11,339 [INFO] CmdLine:67 -  macc               :   109,534                                                                                
2024-10-27 18:42:11,339 [INFO] CmdLine:67 -  weights (ro)       :   81,640 B (79.73 KiB) (1 segment)                                                       
2024-10-27 18:42:11,339 [INFO] CmdLine:67 -  activations (rw)   :   12,004 B (11.72 KiB) (1 segment) *                                                     
2024-10-27 18:42:11,340 [INFO] CmdLine:67 -  ram (total)        :   12,004 B (11.72 KiB) = 12,004 + 0 + 0                                                  
2024-10-27 18:42:11,340 [INFO] CmdLine:67 -  --------------------------------------------------------------------------------------------------------------
2024-10-27 18:42:11,340 [INFO] CmdLine:67 -  (*) 'input'/'output' buffers can be used from the activations buffer
2024-10-27 18:42:11,341 [INFO] CmdLine:67 - Computing AI RT data/code size (target=stm32l4)..
2024-10-27 18:42:12,473 [INFO] CmdLine:67 -  Model name - fmnist_model_f32
2024-10-27 18:42:12,475 [INFO] CmdLine:67 -  ------ ------------------------------ ---------------------- --------------- -------- ---------------
2024-10-27 18:42:12,475 [INFO] CmdLine:67 -  m_id   layer (original)               oshape                 param/size          macc    connected to
2024-10-27 18:42:12,475 [INFO] CmdLine:67 -  ------ ------------------------------ ---------------------- --------------- -------- ---------------
2024-10-27 18:42:12,475 [INFO] CmdLine:67 -  0      input_0 (None)                 [b:1,h:28,c:28]
2024-10-27 18:42:12,475 [INFO] CmdLine:67 -         reshape (Reshape)              [b:1,h:28,w:28,c:1]                                     input_0
2024-10-27 18:42:12,475 [INFO] CmdLine:67 -  ------ ------------------------------ ---------------------- --------------- -------- ---------------
2024-10-27 18:42:12,475 [INFO] CmdLine:67 -  1      conv2d_conv2d (Conv2D)         [b:1,h:26,w:26,c:12]   120/480           73,020         reshape
2024-10-27 18:42:12,475 [INFO] CmdLine:67 -         conv2d (Conv2D)                [b:1,h:26,w:26,c:12]                      8,112   conv2d_conv2d
2024-10-27 18:42:12,476 [INFO] CmdLine:67 -  ------ ------------------------------ ---------------------- --------------- -------- ---------------
2024-10-27 18:42:12,476 [INFO] CmdLine:67 -  2      max_pooling2d (MaxPooling2D)   [b:1,h:13,w:13,c:12]                      8,112          conv2d
2024-10-27 18:42:12,476 [INFO] CmdLine:67 -  ------ ------------------------------ ---------------------- --------------- -------- ---------------
2024-10-27 18:42:12,476 [INFO] CmdLine:67 -  3      flatten (Flatten)              [b:1,c:2028]                                      max_pooling2d
2024-10-27 18:42:12,476 [INFO] CmdLine:67 -  ------ ------------------------------ ---------------------- --------------- -------- ---------------
2024-10-27 18:42:12,478 [INFO] CmdLine:67 -  4      dense (Dense)                  [b:1,c:10]             20,290/81,160     20,290         flatten
2024-10-27 18:42:12,478 [INFO] CmdLine:67 -  ------ ------------------------------ ---------------------- --------------- -------- ---------------
2024-10-27 18:42:12,478 [INFO] CmdLine:67 -  model: macc=109,534 weights=81,640 activations=-- io=--
2024-10-27 18:42:12,478 [INFO] CmdLine:67 -  Number of operations per c-layer
2024-10-27 18:42:12,478 [INFO] CmdLine:67 -  ------- ------ ------------------------ --------- --------------
2024-10-27 18:42:12,478 [INFO] CmdLine:67 -  c_id    m_id   name (type)                    #op           type
2024-10-27 18:42:12,478 [INFO] CmdLine:67 -  ------- ------ ------------------------ --------- --------------
2024-10-27 18:42:12,478 [INFO] CmdLine:67 -  0       2      conv2d_conv2d (Conv2D)      89,244   smul_f32_f32
2024-10-27 18:42:12,479 [INFO] CmdLine:67 -  1       4      dense (Dense)               20,290   smul_f32_f32
2024-10-27 18:42:12,479 [INFO] CmdLine:67 -  ------- ------ ------------------------ --------- --------------
2024-10-27 18:42:12,479 [INFO] CmdLine:67 -  total                                     109,534
2024-10-27 18:42:12,479 [INFO] CmdLine:67 -  Number of operation types
2024-10-27 18:42:12,479 [INFO] CmdLine:67 -  ---------------- --------- -----------
2024-10-27 18:42:12,479 [INFO] CmdLine:67 -  operation type           #           %
2024-10-27 18:42:12,479 [INFO] CmdLine:67 -  ---------------- --------- -----------
2024-10-27 18:42:12,479 [INFO] CmdLine:67 -  smul_f32_f32       109,534      100.0%
2024-10-27 18:42:12,480 [INFO] CmdLine:67 -  Complexity report (model)
2024-10-27 18:42:12,480 [INFO] CmdLine:67 -  ------ --------------- ------------------------- ------------------------- ------
2024-10-27 18:42:12,480 [INFO] CmdLine:67 -  m_id   name            c_macc                    c_rom                     c_id
2024-10-27 18:42:12,480 [INFO] CmdLine:67 -  ------ --------------- ------------------------- ------------------------- ------
2024-10-27 18:42:12,480 [INFO] CmdLine:67 -  2      max_pooling2d   ||||||||||||||||  81.5%   |                  0.6%   [0]
2024-10-27 18:42:12,481 [INFO] CmdLine:67 -  4      dense           ||||              18.5%   ||||||||||||||||  99.4%   [1]
2024-10-27 18:42:12,481 [INFO] CmdLine:67 -  ------ --------------- ------------------------- ------------------------- ------
2024-10-27 18:42:12,481 [INFO] CmdLine:67 -  macc=109,534 weights=81,640 act=12,004 ram_io=0
2024-10-27 18:42:12,481 [INFO] CmdLine:67 -  Requested memory size by section - "stm32l4" target
2024-10-27 18:42:12,481 [INFO] CmdLine:67 -  ----------------------------- -------- -------- ------- --------
2024-10-27 18:42:12,481 [INFO] CmdLine:67 -  module                            text   rodata    data      bss
2024-10-27 18:42:12,481 [INFO] CmdLine:67 -  ----------------------------- -------- -------- ------- --------
2024-10-27 18:42:12,481 [INFO] CmdLine:67 -  NetworkRuntime910_CM4_GCC.a      9,972        0       0        0
2024-10-27 18:42:12,482 [INFO] CmdLine:67 -  network.o                          482       16   1,288      148
2024-10-27 18:42:12,482 [INFO] CmdLine:67 -  network_data.o                      48       16      88        0
2024-10-27 18:42:12,482 [INFO] CmdLine:67 -  lib (toolchain)*                     0        0       0        0
2024-10-27 18:42:12,482 [INFO] CmdLine:67 -  ----------------------------- -------- -------- ------- --------
2024-10-27 18:42:12,482 [INFO] CmdLine:67 -  RT total**                      10,502       32   1,376      148
2024-10-27 18:42:12,482 [INFO] CmdLine:67 -  ----------------------------- -------- -------- ------- --------
2024-10-27 18:42:12,482 [INFO] CmdLine:67 -  weights                              0   81,640       0        0
2024-10-27 18:42:12,482 [INFO] CmdLine:67 -  activations                          0        0       0   12,004
2024-10-27 18:42:12,483 [INFO] CmdLine:67 -  io                                   0        0       0        0
2024-10-27 18:42:12,483 [INFO] CmdLine:67 -  ----------------------------- -------- -------- ------- --------
2024-10-27 18:42:12,483 [INFO] CmdLine:67 -  TOTAL                           10,502   81,672   1,376   12,152
2024-10-27 18:42:12,483 [INFO] CmdLine:67 -  ----------------------------- -------- -------- ------- --------
2024-10-27 18:42:12,483 [INFO] CmdLine:67 -  *  toolchain objects (libm/libgcc*)
2024-10-27 18:42:12,483 [INFO] CmdLine:67 -  ** RT AI runtime objects (kernels+infrastructure)
2024-10-27 18:42:12,483 [INFO] CmdLine:67 -   Summary - "stm32l4" target
2024-10-27 18:42:12,483 [INFO] CmdLine:67 -   ---------------------------------------------------
2024-10-27 18:42:12,483 [INFO] CmdLine:67 -                FLASH (ro)      %*   RAM (rw)       %
2024-10-27 18:42:12,484 [INFO] CmdLine:67 -   ---------------------------------------------------
2024-10-27 18:42:12,484 [INFO] CmdLine:67 -   RT total         11,910   12.7%      1,524   11.3%
2024-10-27 18:42:12,484 [INFO] CmdLine:67 -   ---------------------------------------------------
2024-10-27 18:42:12,484 [INFO] CmdLine:67 -   TOTAL            93,550             13,528
2024-10-27 18:42:12,484 [INFO] CmdLine:67 -   ---------------------------------------------------
2024-10-27 18:42:12,484 [INFO] CmdLine:67 -   *  rt/total
2024-10-27 18:42:12,484 [INFO] CmdLine:67 - Creating txt report file C:\Users\Ivan\.stm32cubemx\network_output\network_analyze_report.txt
2024-10-27 18:42:12,499 [INFO] CmdLine:67 - elapsed time (analyze): 6.427s
2024-10-27 18:42:12,825 [INFO] CmdLine:134 - stm32ai exit with status: 0
2024-10-27 18:42:12,849 [INFO] AIModelDetailledView:2685 - Analyze complete on AI model
2024-10-27 18:42:12,851 [INFO] AIModelDetailledView:2350 - Analysis status: done
2024-10-27 18:42:12,857 [ERROR] LogOutputStream:75 - [STDERR_REDIRECT] Exception in thread "AWT-EventQueue-0" java.lang.ClassCastException: class javax.swing.SwingUtilities$SharedOwnerFrame cannot be cast to class com.st.microxplorer.maingui.MainFrame (javax.swing.SwingUtilities$SharedOwnerFrame is in module java.desktop of loader 'bootstrap'; com.st.microxplorer.maingui.MainFrame is in unnamed module of loader org.eclipse.osgi.internal.loader.EquinoxClassLoader @6003220a)
2024-10-27 18:42:12,860 [ERROR] LogOutputStream:75 - [STDERR_REDIRECT] 	at com.st.microxplorer.plugins.ip.ai.model.AIAdvancedSettingsData.saveSettings(AIAdvancedSettingsData.java:653)
2024-10-27 18:42:12,861 [ERROR] LogOutputStream:75 - [STDERR_REDIRECT] 	at com.st.microxplorer.plugins.ip.ai.model.AIAdvancedSettingsData.cmdSaveSettings(AIAdvancedSettingsData.java:526)
2024-10-27 18:42:12,862 [ERROR] LogOutputStream:75 - [STDERR_REDIRECT] 	at com.st.microxplorer.plugins.ip.ai.gui.AIModelDetailledView.saveData(AIModelDetailledView.java:497)
2024-10-27 18:42:12,863 [ERROR] LogOutputStream:75 - [STDERR_REDIRECT] 	at com.st.microxplorer.plugins.ip.ai.gui.AIMainUI.saveModelDataNeededForGeneration(AIMainUI.java:908)
2024-10-27 18:42:12,863 [ERROR] LogOutputStream:75 - [STDERR_REDIRECT] 	at com.st.microxplorer.plugins.ip.ai.gui.AITopWindow.saveModelsData(AITopWindow.java:239)
2024-10-27 18:42:12,864 [ERROR] LogOutputStream:75 - [STDERR_REDIRECT] 	at com.st.microxplorer.plugins.ip.ai.AI.propertyChange(AI.java:1619)
2024-10-27 18:42:12,865 [ERROR] LogOutputStream:75 - [STDERR_REDIRECT] 	at java.desktop/java.beans.PropertyChangeSupport.fire(PropertyChangeSupport.java:343)
2024-10-27 18:42:12,866 [ERROR] LogOutputStream:75 - [STDERR_REDIRECT] 	at java.desktop/java.beans.PropertyChangeSupport.firePropertyChange(PropertyChangeSupport.java:335)
2024-10-27 18:42:12,868 [ERROR] LogOutputStream:75 - [STDERR_REDIRECT] 	at java.desktop/java.beans.PropertyChangeSupport.firePropertyChange(PropertyChangeSupport.java:268)
2024-10-27 18:42:12,869 [ERROR] LogOutputStream:75 - [STDERR_REDIRECT] 	at com.st.microxplorer.util.MXPropertyChangeSupport.firePropertyChange(MXPropertyChangeSupport.java:54)
2024-10-27 18:42:12,869 [ERROR] LogOutputStream:75 - [STDERR_REDIRECT] 	at com.st.microxplorer.mxsystem.MxSystem.completeSaveConfig(MxSystem.java:844)
2024-10-27 18:42:12,870 [ERROR] LogOutputStream:75 - [STDERR_REDIRECT] 	at com.st.microxplorer.plugins.filemanager.engine.SaveFileManager.saveConfiguration(SaveFileManager.java:125)
2024-10-27 18:42:12,871 [ERROR] LogOutputStream:75 - [STDERR_REDIRECT] 	at com.st.microxplorer.plugins.filemanager.engine.MainFileManager.userSaveConfig(MainFileManager.java:408)
2024-10-27 18:42:12,872 [ERROR] LogOutputStream:75 - [STDERR_REDIRECT] 	at com.st.microxplorer.plugins.filemanager.FileManagerView.getSpecificTask(FileManagerView.java:259)
2024-10-27 18:42:12,873 [ERROR] LogOutputStream:75 - [STDERR_REDIRECT] 	at com.st.stm32cube.common.mx.editor.CubeMxEditor$9.run(CubeMxEditor.java:687)
2024-10-27 18:42:12,874 [ERROR] LogOutputStream:75 - [STDERR_REDIRECT] 	at com.st.stm32cube.common.mx.oss.core.awtswtbridge.AwtEnvironment$2.run(AwtEnvironment.java:166)
2024-10-27 18:42:12,874 [ERROR] LogOutputStream:75 - [STDERR_REDIRECT] 	at java.desktop/java.awt.event.InvocationEvent.dispatch(InvocationEvent.java:318)
2024-10-27 18:42:12,876 [ERROR] LogOutputStream:75 - [STDERR_REDIRECT] 	at java.desktop/java.awt.EventQueue.dispatchEventImpl(EventQueue.java:773)
2024-10-27 18:42:12,877 [ERROR] LogOutputStream:75 - [STDERR_REDIRECT] 	at java.desktop/java.awt.EventQueue$4.run(EventQueue.java:720)
2024-10-27 18:42:12,878 [ERROR] LogOutputStream:75 - [STDERR_REDIRECT] 	at java.desktop/java.awt.EventQueue$4.run(EventQueue.java:714)
2024-10-27 18:42:12,878 [ERROR] LogOutputStream:75 - [STDERR_REDIRECT] 	at java.base/java.security.AccessController.doPrivileged(AccessController.java:399)
2024-10-27 18:42:12,881 [ERROR] LogOutputStream:75 - [STDERR_REDIRECT] 	at java.base/java.security.ProtectionDomain$JavaSecurityAccessImpl.doIntersectionPrivilege(ProtectionDomain.java:86)
2024-10-27 18:42:12,881 [ERROR] LogOutputStream:75 - [STDERR_REDIRECT] 	at java.desktop/java.awt.EventQueue.dispatchEvent(EventQueue.java:742)
2024-10-27 18:42:12,882 [ERROR] LogOutputStream:75 - [STDERR_REDIRECT] 	at java.desktop/java.awt.EventDispatchThread.pumpOneEventForFilters(EventDispatchThread.java:203)
2024-10-27 18:42:12,883 [ERROR] LogOutputStream:75 - [STDERR_REDIRECT] 	at java.desktop/java.awt.EventDispatchThread.pumpEventsForFilter(EventDispatchThread.java:124)
2024-10-27 18:42:12,883 [ERROR] LogOutputStream:75 - [STDERR_REDIRECT] 	at java.desktop/java.awt.EventDispatchThread.pumpEventsForHierarchy(EventDispatchThread.java:113)
2024-10-27 18:42:12,885 [ERROR] LogOutputStream:75 - [STDERR_REDIRECT] 	at java.desktop/java.awt.EventDispatchThread.pumpEvents(EventDispatchThread.java:109)
2024-10-27 18:42:12,886 [ERROR] LogOutputStream:75 - [STDERR_REDIRECT] 	at java.desktop/java.awt.EventDispatchThread.pumpEvents(EventDispatchThread.java:101)
2024-10-27 18:42:12,887 [ERROR] LogOutputStream:75 - [STDERR_REDIRECT] 	at java.desktop/java.awt.EventDispatchThread.run(EventDispatchThread.java:90)
2024-10-27 18:42:17,262 [INFO] UtilMem:75 - End SaveConfig() Used Memory: 633842248 Bytes (1073741824)
2024-10-27 18:42:17,306 [INFO] Middleware:617 - instanceName : STMicroelectronics.X-CUBE-AI.9.1.0 bspName : COM Port check condition success for : !SEMDeviceJjApplicationJjApplicationTemplate
2024-10-27 18:42:17,306 [INFO] Middleware:617 - instanceName : STMicroelectronics.X-CUBE-AI.9.1.0 bspName : COM Port check condition success for : !SEMDeviceJjApplicationJjApplicationTemplate
2024-10-27 18:42:17,306 [INFO] Middleware:617 - instanceName : STMicroelectronics.X-CUBE-AI.9.1.0 bspName : COM Port check condition success for : !SEMDeviceJjApplicationJjApplicationTemplate
2024-10-27 18:42:17,343 [INFO] Middleware:617 - instanceName : STMicroelectronics.X-CUBE-AI.9.1.0 bspName : COM Port check condition success for : !SEMDeviceJjApplicationJjApplicationTemplate
2024-10-27 18:42:17,343 [INFO] Middleware:617 - instanceName : STMicroelectronics.X-CUBE-AI.9.1.0 bspName : COM Port check condition success for : !SEMDeviceJjApplicationJjApplicationTemplate
2024-10-27 18:42:17,343 [INFO] Middleware:617 - instanceName : STMicroelectronics.X-CUBE-AI.9.1.0 bspName : COM Port check condition success for : !SEMDeviceJjApplicationJjApplicationTemplate
2024-10-27 18:42:17,343 [INFO] Middleware:617 - instanceName : STMicroelectronics.X-CUBE-AI.9.1.0 bspName : COM Port check condition success for : !SEMDeviceJjApplicationJjApplicationTemplate
2024-10-27 18:42:17,343 [INFO] Middleware:617 - instanceName : STMicroelectronics.X-CUBE-AI.9.1.0 bspName : COM Port check condition success for : !SEMDeviceJjApplicationJjApplicationTemplate
2024-10-27 18:42:17,344 [INFO] Middleware:617 - instanceName : STMicroelectronics.X-CUBE-AI.9.1.0 bspName : COM Port check condition success for : !SEMDeviceJjApplicationJjApplicationTemplate
2024-10-27 18:42:17,376 [INFO] Middleware:617 - instanceName : STMicroelectronics.X-CUBE-AI.9.1.0 bspName : COM Port check condition success for : !SEMDeviceJjApplicationJjApplicationTemplate
2024-10-27 18:42:17,376 [INFO] Middleware:617 - instanceName : STMicroelectronics.X-CUBE-AI.9.1.0 bspName : COM Port check condition success for : !SEMDeviceJjApplicationJjApplicationTemplate
2024-10-27 18:42:17,376 [INFO] Middleware:617 - instanceName : STMicroelectronics.X-CUBE-AI.9.1.0 bspName : COM Port check condition success for : !SEMDeviceJjApplicationJjApplicationTemplate
2024-10-27 18:42:17,376 [INFO] Middleware:617 - instanceName : STMicroelectronics.X-CUBE-AI.9.1.0 bspName : COM Port check condition success for : !SEMDeviceJjApplicationJjApplicationTemplate
2024-10-27 18:42:17,376 [INFO] Middleware:617 - instanceName : STMicroelectronics.X-CUBE-AI.9.1.0 bspName : COM Port check condition success for : !SEMDeviceJjApplicationJjApplicationTemplate
2024-10-27 18:42:17,376 [INFO] Middleware:617 - instanceName : STMicroelectronics.X-CUBE-AI.9.1.0 bspName : COM Port check condition success for : !SEMDeviceJjApplicationJjApplicationTemplate
2024-10-27 18:42:17,400 [INFO] Middleware:617 - instanceName : STMicroelectronics.X-CUBE-AI.9.1.0 bspName : COM Port check condition success for : !SEMDeviceJjApplicationJjApplicationTemplate
2024-10-27 18:42:17,400 [INFO] Middleware:617 - instanceName : STMicroelectronics.X-CUBE-AI.9.1.0 bspName : COM Port check condition success for : !SEMDeviceJjApplicationJjApplicationTemplate
2024-10-27 18:42:17,400 [INFO] Middleware:617 - instanceName : STMicroelectronics.X-CUBE-AI.9.1.0 bspName : COM Port check condition success for : !SEMDeviceJjApplicationJjApplicationTemplate
2024-10-27 18:42:17,400 [INFO] Middleware:617 - instanceName : STMicroelectronics.X-CUBE-AI.9.1.0 bspName : COM Port check condition success for : !SEMDeviceJjApplicationJjApplicationTemplate
2024-10-27 18:42:17,400 [INFO] Middleware:617 - instanceName : STMicroelectronics.X-CUBE-AI.9.1.0 bspName : COM Port check condition success for : !SEMDeviceJjApplicationJjApplicationTemplate
2024-10-27 18:42:17,400 [INFO] Middleware:617 - instanceName : STMicroelectronics.X-CUBE-AI.9.1.0 bspName : COM Port check condition success for : !SEMDeviceJjApplicationJjApplicationTemplate
2024-10-27 18:42:17,421 [INFO] Middleware:617 - instanceName : STMicroelectronics.X-CUBE-AI.9.1.0 bspName : COM Port check condition success for : !SEMDeviceJjApplicationJjApplicationTemplate
2024-10-27 18:42:17,421 [INFO] Middleware:617 - instanceName : STMicroelectronics.X-CUBE-AI.9.1.0 bspName : COM Port check condition success for : !SEMDeviceJjApplicationJjApplicationTemplate
2024-10-27 18:42:17,421 [INFO] Middleware:617 - instanceName : STMicroelectronics.X-CUBE-AI.9.1.0 bspName : COM Port check condition success for : !SEMDeviceJjApplicationJjApplicationTemplate
2024-10-27 18:42:17,421 [INFO] Middleware:617 - instanceName : STMicroelectronics.X-CUBE-AI.9.1.0 bspName : COM Port check condition success for : !SEMDeviceJjApplicationJjApplicationTemplate
2024-10-27 18:42:17,421 [INFO] Middleware:617 - instanceName : STMicroelectronics.X-CUBE-AI.9.1.0 bspName : COM Port check condition success for : !SEMDeviceJjApplicationJjApplicationTemplate
2024-10-27 18:42:17,421 [INFO] Middleware:617 - instanceName : STMicroelectronics.X-CUBE-AI.9.1.0 bspName : COM Port check condition success for : !SEMDeviceJjApplicationJjApplicationTemplate
2024-10-27 18:42:17,444 [INFO] Middleware:617 - instanceName : STMicroelectronics.X-CUBE-AI.9.1.0 bspName : COM Port check condition success for : !SEMDeviceJjApplicationJjApplicationTemplate
2024-10-27 18:42:17,444 [INFO] Middleware:617 - instanceName : STMicroelectronics.X-CUBE-AI.9.1.0 bspName : COM Port check condition success for : !SEMDeviceJjApplicationJjApplicationTemplate
2024-10-27 18:42:17,444 [INFO] Middleware:617 - instanceName : STMicroelectronics.X-CUBE-AI.9.1.0 bspName : COM Port check condition success for : !SEMDeviceJjApplicationJjApplicationTemplate
2024-10-27 18:42:17,444 [INFO] Middleware:617 - instanceName : STMicroelectronics.X-CUBE-AI.9.1.0 bspName : COM Port check condition success for : !SEMDeviceJjApplicationJjApplicationTemplate
2024-10-27 18:42:17,444 [INFO] Middleware:617 - instanceName : STMicroelectronics.X-CUBE-AI.9.1.0 bspName : COM Port check condition success for : !SEMDeviceJjApplicationJjApplicationTemplate
2024-10-27 18:42:17,444 [INFO] Middleware:617 - instanceName : STMicroelectronics.X-CUBE-AI.9.1.0 bspName : COM Port check condition success for : !SEMDeviceJjApplicationJjApplicationTemplate
2024-10-27 18:42:17,467 [INFO] Middleware:617 - instanceName : STMicroelectronics.X-CUBE-AI.9.1.0 bspName : COM Port check condition success for : !SEMDeviceJjApplicationJjApplicationTemplate
2024-10-27 18:42:17,467 [INFO] Middleware:617 - instanceName : STMicroelectronics.X-CUBE-AI.9.1.0 bspName : COM Port check condition success for : !SEMDeviceJjApplicationJjApplicationTemplate
2024-10-27 18:42:17,467 [INFO] Middleware:617 - instanceName : STMicroelectronics.X-CUBE-AI.9.1.0 bspName : COM Port check condition success for : !SEMDeviceJjApplicationJjApplicationTemplate
2024-10-27 18:42:17,467 [INFO] Middleware:617 - instanceName : STMicroelectronics.X-CUBE-AI.9.1.0 bspName : COM Port check condition success for : !SEMDeviceJjApplicationJjApplicationTemplate
2024-10-27 18:42:17,467 [INFO] Middleware:617 - instanceName : STMicroelectronics.X-CUBE-AI.9.1.0 bspName : COM Port check condition success for : !SEMDeviceJjApplicationJjApplicationTemplate
2024-10-27 18:42:17,467 [INFO] Middleware:617 - instanceName : STMicroelectronics.X-CUBE-AI.9.1.0 bspName : COM Port check condition success for : !SEMDeviceJjApplicationJjApplicationTemplate
2024-10-27 18:42:17,490 [INFO] Middleware:617 - instanceName : STMicroelectronics.X-CUBE-AI.9.1.0 bspName : COM Port check condition success for : !SEMDeviceJjApplicationJjApplicationTemplate
2024-10-27 18:42:17,490 [INFO] Middleware:617 - instanceName : STMicroelectronics.X-CUBE-AI.9.1.0 bspName : COM Port check condition success for : !SEMDeviceJjApplicationJjApplicationTemplate
2024-10-27 18:42:17,490 [INFO] Middleware:617 - instanceName : STMicroelectronics.X-CUBE-AI.9.1.0 bspName : COM Port check condition success for : !SEMDeviceJjApplicationJjApplicationTemplate
2024-10-27 18:42:17,490 [INFO] Middleware:617 - instanceName : STMicroelectronics.X-CUBE-AI.9.1.0 bspName : COM Port check condition success for : !SEMDeviceJjApplicationJjApplicationTemplate
2024-10-27 18:42:17,490 [INFO] Middleware:617 - instanceName : STMicroelectronics.X-CUBE-AI.9.1.0 bspName : COM Port check condition success for : !SEMDeviceJjApplicationJjApplicationTemplate
2024-10-27 18:42:17,490 [INFO] Middleware:617 - instanceName : STMicroelectronics.X-CUBE-AI.9.1.0 bspName : COM Port check condition success for : !SEMDeviceJjApplicationJjApplicationTemplate
2024-10-27 18:42:17,496 [INFO] Middleware:617 - instanceName : STMicroelectronics.X-CUBE-AI.9.1.0 bspName : COM Port check condition success for : !SEMDeviceJjApplicationJjApplicationTemplate
2024-10-27 18:42:17,496 [INFO] Middleware:617 - instanceName : STMicroelectronics.X-CUBE-AI.9.1.0 bspName : COM Port check condition success for : !SEMDeviceJjApplicationJjApplicationTemplate
2024-10-27 18:42:17,496 [INFO] Middleware:617 - instanceName : STMicroelectronics.X-CUBE-AI.9.1.0 bspName : COM Port check condition success for : !SEMDeviceJjApplicationJjApplicationTemplate
2024-10-27 18:42:17,517 [INFO] Middleware:617 - instanceName : STMicroelectronics.X-CUBE-AI.9.1.0 bspName : COM Port check condition success for : !SEMDeviceJjApplicationJjApplicationTemplate
2024-10-27 18:42:17,517 [INFO] Middleware:617 - instanceName : STMicroelectronics.X-CUBE-AI.9.1.0 bspName : COM Port check condition success for : !SEMDeviceJjApplicationJjApplicationTemplate
2024-10-27 18:42:17,517 [INFO] Middleware:617 - instanceName : STMicroelectronics.X-CUBE-AI.9.1.0 bspName : COM Port check condition success for : !SEMDeviceJjApplicationJjApplicationTemplate
2024-10-27 18:42:17,517 [INFO] Middleware:617 - instanceName : STMicroelectronics.X-CUBE-AI.9.1.0 bspName : COM Port check condition success for : !SEMDeviceJjApplicationJjApplicationTemplate
2024-10-27 18:42:17,517 [INFO] Middleware:617 - instanceName : STMicroelectronics.X-CUBE-AI.9.1.0 bspName : COM Port check condition success for : !SEMDeviceJjApplicationJjApplicationTemplate
2024-10-27 18:42:17,517 [INFO] Middleware:617 - instanceName : STMicroelectronics.X-CUBE-AI.9.1.0 bspName : COM Port check condition success for : !SEMDeviceJjApplicationJjApplicationTemplate
2024-10-27 18:42:18,731 [INFO] UtilMem:75 - End SaveConfig() Used Memory: 647942448 Bytes (1073741824)
2024-10-27 18:42:18,782 [INFO] Middleware:617 - instanceName : STMicroelectronics.X-CUBE-AI.9.1.0 bspName : COM Port check condition success for : !SEMDeviceJjApplicationJjApplicationTemplate
2024-10-27 18:42:18,782 [INFO] Middleware:617 - instanceName : STMicroelectronics.X-CUBE-AI.9.1.0 bspName : COM Port check condition success for : !SEMDeviceJjApplicationJjApplicationTemplate
2024-10-27 18:42:18,782 [INFO] Middleware:617 - instanceName : STMicroelectronics.X-CUBE-AI.9.1.0 bspName : COM Port check condition success for : !SEMDeviceJjApplicationJjApplicationTemplate
2024-10-27 18:42:18,798 [INFO] Middleware:617 - instanceName : STMicroelectronics.X-CUBE-AI.9.1.0 bspName : COM Port check condition success for : !SEMDeviceJjApplicationJjApplicationTemplate
2024-10-27 18:42:18,798 [INFO] Middleware:617 - instanceName : STMicroelectronics.X-CUBE-AI.9.1.0 bspName : COM Port check condition success for : !SEMDeviceJjApplicationJjApplicationTemplate
2024-10-27 18:42:18,798 [INFO] Middleware:617 - instanceName : STMicroelectronics.X-CUBE-AI.9.1.0 bspName : COM Port check condition success for : !SEMDeviceJjApplicationJjApplicationTemplate
2024-10-27 18:42:20,270 [INFO] Middleware:617 - instanceName : STMicroelectronics.X-CUBE-AI.9.1.0 bspName : COM Port check condition success for : !SEMDeviceJjApplicationJjApplicationTemplate
2024-10-27 18:42:20,270 [INFO] Middleware:617 - instanceName : STMicroelectronics.X-CUBE-AI.9.1.0 bspName : COM Port check condition success for : !SEMDeviceJjApplicationJjApplicationTemplate
2024-10-27 18:42:20,270 [INFO] Middleware:617 - instanceName : STMicroelectronics.X-CUBE-AI.9.1.0 bspName : COM Port check condition success for : !SEMDeviceJjApplicationJjApplicationTemplate
2024-10-27 18:42:20,273 [INFO] UtilMem:75 - End SaveConfig() Used Memory: 706662704 Bytes (1073741824)
2024-10-27 18:42:20,313 [INFO] Middleware:617 - instanceName : STMicroelectronics.X-CUBE-AI.9.1.0 bspName : COM Port check condition success for : !SEMDeviceJjApplicationJjApplicationTemplate
2024-10-27 18:42:20,313 [INFO] Middleware:617 - instanceName : STMicroelectronics.X-CUBE-AI.9.1.0 bspName : COM Port check condition success for : !SEMDeviceJjApplicationJjApplicationTemplate
2024-10-27 18:42:20,313 [INFO] Middleware:617 - instanceName : STMicroelectronics.X-CUBE-AI.9.1.0 bspName : COM Port check condition success for : !SEMDeviceJjApplicationJjApplicationTemplate
2024-10-27 18:42:20,328 [INFO] Middleware:617 - instanceName : STMicroelectronics.X-CUBE-AI.9.1.0 bspName : COM Port check condition success for : !SEMDeviceJjApplicationJjApplicationTemplate
2024-10-27 18:42:20,328 [INFO] Middleware:617 - instanceName : STMicroelectronics.X-CUBE-AI.9.1.0 bspName : COM Port check condition success for : !SEMDeviceJjApplicationJjApplicationTemplate
2024-10-27 18:42:20,328 [INFO] Middleware:617 - instanceName : STMicroelectronics.X-CUBE-AI.9.1.0 bspName : COM Port check condition success for : !SEMDeviceJjApplicationJjApplicationTemplate
2024-10-27 18:42:20,619 [INFO] BlockDiagram:2759 - set Specific Code input for plugin: SYS
2024-10-27 18:42:20,619 [INFO] BlockDiagram:2759 - set Specific Code input for plugin: RCC
2024-10-27 18:42:20,619 [INFO] BlockDiagram:2759 - set Specific Code input for plugin: NVIC
2024-10-27 18:42:20,619 [INFO] BlockDiagram:2759 - set Specific Code input for plugin: USART
2024-10-27 18:42:20,619 [INFO] BlockDiagram:2759 - set Specific Code input for plugin: GPIO
2024-10-27 18:42:20,619 [INFO] BlockDiagram:2759 - set Specific Code input for plugin: STMicroelectronics.X-CUBE-AI.9.1.0
2024-10-27 18:42:20,625 [INFO] CodeGenerator:807 - code generatio: config db path: C:\ST\STM32CubeIDE_1.14.1\STM32CubeIDE\plugins\com.st.stm32cube.common.mx_6.10.0.202311202037\\db\
2024-10-27 18:42:20,767 [INFO] IP:3348 - RTE Config file name : RTE_Component
2024-10-27 18:42:20,767 [INFO] IP:3366 - RTE template : RTE_Components.ftl
2024-10-27 18:42:20,788 [INFO] CodeEngine:255 - oldGeneratedFile, C:\Users\Ivan\Desktop\ETH\Semester3\ml-on-mcu\ex6\Task_1\Image_Classification_Inference\MXTmpFiles\license.tmp_save
2024-10-27 18:42:21,061 [INFO] CodeEngine:279 - Generated code: C:\Users\Ivan\Desktop\ETH\Semester3\ml-on-mcu\ex6\Task_1\Image_Classification_Inference\MXTmpFiles\license.tmp
2024-10-27 18:42:21,142 [INFO] CodeEngine:255 - oldGeneratedFile, C:\Users\Ivan\Desktop\ETH\Semester3\ml-on-mcu\ex6\Task_1\Image_Classification_Inference\Core\Src\gpio.c_save
2024-10-27 18:42:21,239 [INFO] CodeEngine:279 - Generated code: C:\Users\Ivan\Desktop\ETH\Semester3\ml-on-mcu\ex6\Task_1\Image_Classification_Inference\Core\Src\gpio.c
2024-10-27 18:42:21,248 [INFO] CodeEngine:255 - oldGeneratedFile, C:\Users\Ivan\Desktop\ETH\Semester3\ml-on-mcu\ex6\Task_1\Image_Classification_Inference\Core\Inc\gpio.h_save
2024-10-27 18:42:21,310 [INFO] CodeEngine:279 - Generated code: C:\Users\Ivan\Desktop\ETH\Semester3\ml-on-mcu\ex6\Task_1\Image_Classification_Inference\Core\Inc\gpio.h
2024-10-27 18:42:21,496 [INFO] Middleware:1439 - No code input for Bsp Dependency
2024-10-27 18:42:21,500 [INFO] IP:3348 - RTE Config file name : RTE_Component
2024-10-27 18:42:21,500 [INFO] IP:3366 - RTE template : RTE_Components.ftl
2024-10-27 18:42:21,500 [INFO] Middleware:1439 - No code input for Bsp Dependency
2024-10-27 18:42:21,502 [INFO] IP:3348 - RTE Config file name : RTE_Component
2024-10-27 18:42:21,502 [INFO] IP:3366 - RTE template : RTE_Components.ftl
2024-10-27 18:42:21,513 [INFO] CodeEngine:255 - oldGeneratedFile, C:\Users\Ivan\Desktop\ETH\Semester3\ml-on-mcu\ex6\Task_1\Image_Classification_Inference\X-CUBE-AI\App\app_x-cube-ai.h_save
2024-10-27 18:42:21,586 [INFO] CodeEngine:279 - Generated code: C:\Users\Ivan\Desktop\ETH\Semester3\ml-on-mcu\ex6\Task_1\Image_Classification_Inference\X-CUBE-AI\App\app_x-cube-ai.h
2024-10-27 18:42:21,593 [INFO] CodeEngine:255 - oldGeneratedFile, C:\Users\Ivan\Desktop\ETH\Semester3\ml-on-mcu\ex6\Task_1\Image_Classification_Inference\X-CUBE-AI\constants_ai.h_save
2024-10-27 18:42:21,660 [INFO] CodeEngine:279 - Generated code: C:\Users\Ivan\Desktop\ETH\Semester3\ml-on-mcu\ex6\Task_1\Image_Classification_Inference\X-CUBE-AI\constants_ai.h
2024-10-27 18:42:21,668 [INFO] CodeEngine:255 - oldGeneratedFile, C:\Users\Ivan\Desktop\ETH\Semester3\ml-on-mcu\ex6\Task_1\Image_Classification_Inference\X-CUBE-AI\Target\bsp_ai.h_save
2024-10-27 18:42:21,740 [INFO] CodeEngine:279 - Generated code: C:\Users\Ivan\Desktop\ETH\Semester3\ml-on-mcu\ex6\Task_1\Image_Classification_Inference\X-CUBE-AI\Target\bsp_ai.h
2024-10-27 18:42:21,747 [INFO] CodeEngine:255 - oldGeneratedFile, C:\Users\Ivan\Desktop\ETH\Semester3\ml-on-mcu\ex6\Task_1\Image_Classification_Inference\X-CUBE-AI\App\app_x-cube-ai.c_save
2024-10-27 18:42:21,859 [INFO] CodeEngine:279 - Generated code: C:\Users\Ivan\Desktop\ETH\Semester3\ml-on-mcu\ex6\Task_1\Image_Classification_Inference\X-CUBE-AI\App\app_x-cube-ai.c
2024-10-27 18:42:21,874 [INFO] CodeEngine:255 - oldGeneratedFile, C:\Users\Ivan\Desktop\ETH\Semester3\ml-on-mcu\ex6\Task_1\Image_Classification_Inference\Core\Src\usart.c_save
2024-10-27 18:42:22,044 [INFO] CodeEngine:279 - Generated code: C:\Users\Ivan\Desktop\ETH\Semester3\ml-on-mcu\ex6\Task_1\Image_Classification_Inference\Core\Src\usart.c
2024-10-27 18:42:22,053 [INFO] CodeEngine:255 - oldGeneratedFile, C:\Users\Ivan\Desktop\ETH\Semester3\ml-on-mcu\ex6\Task_1\Image_Classification_Inference\Core\Inc\usart.h_save
2024-10-27 18:42:22,106 [INFO] CodeEngine:279 - Generated code: C:\Users\Ivan\Desktop\ETH\Semester3\ml-on-mcu\ex6\Task_1\Image_Classification_Inference\Core\Inc\usart.h
2024-10-27 18:42:22,119 [INFO] CodeEngine:255 - oldGeneratedFile, C:\Users\Ivan\Desktop\ETH\Semester3\ml-on-mcu\ex6\Task_1\Image_Classification_Inference\Core\Src\stm32l4xx_it.c_save
2024-10-27 18:42:22,184 [INFO] CodeEngine:279 - Generated code: C:\Users\Ivan\Desktop\ETH\Semester3\ml-on-mcu\ex6\Task_1\Image_Classification_Inference\Core\Src\stm32l4xx_it.c
2024-10-27 18:42:22,190 [INFO] CodeEngine:255 - oldGeneratedFile, C:\Users\Ivan\Desktop\ETH\Semester3\ml-on-mcu\ex6\Task_1\Image_Classification_Inference\Core\Inc\stm32l4xx_it.h_save
2024-10-27 18:42:22,240 [INFO] CodeEngine:279 - Generated code: C:\Users\Ivan\Desktop\ETH\Semester3\ml-on-mcu\ex6\Task_1\Image_Classification_Inference\Core\Inc\stm32l4xx_it.h
2024-10-27 18:42:22,242 [INFO] IP:3348 - RTE Config file name : RTE_Component
2024-10-27 18:42:22,242 [INFO] IP:3366 - RTE template : RTE_Components.ftl
2024-10-27 18:42:22,242 [INFO] CodeGenerator:2119 - Add RTE Code Input 
2024-10-27 18:42:22,249 [INFO] CodeEngine:255 - oldGeneratedFile, C:\Users\Ivan\Desktop\ETH\Semester3\ml-on-mcu\ex6\Task_1\Image_Classification_Inference\Core\Inc\RTE_Components.h_save
2024-10-27 18:42:22,298 [INFO] CodeEngine:279 - Generated code: C:\Users\Ivan\Desktop\ETH\Semester3\ml-on-mcu\ex6\Task_1\Image_Classification_Inference\Core\Inc\RTE_Components.h
2024-10-27 18:42:22,312 [INFO] CodeEngine:255 - oldGeneratedFile, C:\Users\Ivan\Desktop\ETH\Semester3\ml-on-mcu\ex6\Task_1\Image_Classification_Inference\Core\Src\stm32l4xx_hal_msp.c_save
2024-10-27 18:42:22,380 [INFO] CodeEngine:279 - Generated code: C:\Users\Ivan\Desktop\ETH\Semester3\ml-on-mcu\ex6\Task_1\Image_Classification_Inference\Core\Src\stm32l4xx_hal_msp.c
2024-10-27 18:42:22,384 [INFO] CodeEngine:255 - oldGeneratedFile, C:\Users\Ivan\Desktop\ETH\Semester3\ml-on-mcu\ex6\Task_1\Image_Classification_Inference\MXTmpFiles\system.tmp_save
2024-10-27 18:42:22,429 [INFO] CodeEngine:279 - Generated code: C:\Users\Ivan\Desktop\ETH\Semester3\ml-on-mcu\ex6\Task_1\Image_Classification_Inference\MXTmpFiles\system.tmp
2024-10-27 18:42:22,440 [INFO] CodeEngine:311 - oldGeneratedFile, C:\Users\Ivan\Desktop\ETH\Semester3\ml-on-mcu\ex6\Task_1\Image_Classification_Inference\Core\Inc\stm32l4xx_hal_conf.h_save
2024-10-27 18:42:22,494 [INFO] CodeEngine:335 - Generated code: C:\Users\Ivan\Desktop\ETH\Semester3\ml-on-mcu\ex6\Task_1\Image_Classification_Inference\Core\Inc\stm32l4xx_hal_conf.h
2024-10-27 18:42:22,528 [INFO] CodeEngine:255 - oldGeneratedFile, C:\Users\Ivan\Desktop\ETH\Semester3\ml-on-mcu\ex6\Task_1\Image_Classification_Inference\Core\Inc\main.h_save
2024-10-27 18:42:22,585 [INFO] CodeEngine:279 - Generated code: C:\Users\Ivan\Desktop\ETH\Semester3\ml-on-mcu\ex6\Task_1\Image_Classification_Inference\Core\Inc\main.h
2024-10-27 18:42:22,593 [INFO] CodeEngine:255 - oldGeneratedFile, C:\Users\Ivan\Desktop\ETH\Semester3\ml-on-mcu\ex6\Task_1\Image_Classification_Inference\Core\Src\main.c_save
2024-10-27 18:42:22,679 [INFO] CodeEngine:279 - Generated code: C:\Users\Ivan\Desktop\ETH\Semester3\ml-on-mcu\ex6\Task_1\Image_Classification_Inference\Core\Src\main.c
2024-10-27 18:42:26,824 [INFO] AInterface:315 - ModelName:network; files:[C:\Users\Ivan\Desktop\ETH\Semester3\ml-on-mcu\ex6\jupyter\models\fmnist_model_f32.h5]; type:Keras; compression:None
2024-10-27 18:42:26,824 [INFO] AInterface:523 - workspaceTempDir: C:/Users/Ivan/AppData/Local/Temp/mxAI_workspace156562062680011992503003621907624
2024-10-27 18:42:26,824 [INFO] AInterface:1117 - Setting Env: C:/Users/Ivan/STM32Cube/Repository/Packs/STMicroelectronics/X-CUBE-AI/9.1.0/Utilities/windows
2024-10-27 18:42:26,824 [INFO] AInterface:1174 - Custom PATH variable: C:/Users/Ivan/STM32Cube/Repository/Packs/STMicroelectronics/X-CUBE-AI/9.1.0/Utilities/windows;C:/Users/Ivan/STM32Cube/Repository/Packs/STMicroelectronics/X-CUBE-AI/9.1.0/Utilities/windows/mingw64/bin;C:/Users/Ivan/STM32Cube/Repository/Packs/STMicroelectronics/X-CUBE-AI/9.1.0/Utilities/windows/mingw64/libexec/gcc/x86_64-w64-mingw32/7.3.0;
2024-10-27 18:42:26,825 [INFO] CmdLine:102 - Command: C:/Users/Ivan/STM32Cube/Repository/Packs/STMicroelectronics/X-CUBE-AI/9.1.0/Utilities/windows/stedgeai.exe generate --target stm32l4 --name network -m C:/Users/Ivan/Desktop/ETH/Semester3/ml-on-mcu/ex6/jupyter/models/fmnist_model_f32.h5 --compression none --verbosity 1 --allocate-inputs --allocate-outputs --workspace C:/Users/Ivan/AppData/Local/Temp/mxAI_workspace156562062680011992503003621907624 --output C:/Users/Ivan/.stm32cubemx/network_output
2024-10-27 18:42:26,826 [INFO] AIModelDetailledView:2350 - Analysis status: pending
2024-10-27 18:42:31,547 [INFO] CmdLine:67 - ST Edge AI Core v1.0.0-19894
2024-10-27 18:42:32,108 [INFO] CmdLine:67 - Creating c (debug) info json file C:\Users\Ivan\AppData\Local\Temp\mxAI_workspace156562062680011992503003621907624\network_c_info.json
2024-10-27 18:42:32,139 [INFO] CmdLine:67 -  
2024-10-27 18:42:32,139 [INFO] CmdLine:67 -  Exec/report summary (generate)
2024-10-27 18:42:32,139 [INFO] CmdLine:67 -  --------------------------------------------------------------------------------------------------------------
2024-10-27 18:42:32,139 [INFO] CmdLine:67 -  model file         :   C:\Users\Ivan\Desktop\ETH\Semester3\ml-on-mcu\ex6\jupyter\models\fmnist_model_f32.h5   
2024-10-27 18:42:32,139 [INFO] CmdLine:67 -  type               :   keras                                                                                  
2024-10-27 18:42:32,140 [INFO] CmdLine:67 -  c_name             :   network                                                                                
2024-10-27 18:42:32,140 [INFO] CmdLine:67 -  compression        :   none                                                                                   
2024-10-27 18:42:32,140 [INFO] CmdLine:67 -  options            :   allocate-inputs, allocate-outputs                                                      
2024-10-27 18:42:32,140 [INFO] CmdLine:67 -  optimization       :   balanced                                                                               
2024-10-27 18:42:32,140 [INFO] CmdLine:67 -  target/series      :   stm32l4                                                                                
2024-10-27 18:42:32,140 [INFO] CmdLine:67 -  workspace dir      :   C:\Users\Ivan\AppData\Local\Temp\mxAI_workspace156562062680011992503003621907624       
2024-10-27 18:42:32,140 [INFO] CmdLine:67 -  output dir         :   C:\Users\Ivan\.stm32cubemx\network_output                                              
2024-10-27 18:42:32,140 [INFO] CmdLine:67 -  model_fmt          :   float                                                                                  
2024-10-27 18:42:32,140 [INFO] CmdLine:67 -  model_name         :   fmnist_model_f32                                                                       
2024-10-27 18:42:32,140 [INFO] CmdLine:67 -  model_hash         :   0x380258ce5506a98e73c694c25900e899                                                     
2024-10-27 18:42:32,140 [INFO] CmdLine:67 -  params #           :   20,410 items (79.73 KiB)                                                               
2024-10-27 18:42:32,140 [INFO] CmdLine:67 -  --------------------------------------------------------------------------------------------------------------
2024-10-27 18:42:32,141 [INFO] CmdLine:67 -  input 1/1          :   'input_0', f32(1x28x28), 3.06 KBytes, activations                                      
2024-10-27 18:42:32,141 [INFO] CmdLine:67 -  output 1/1         :   'dense', f32(1x10), 40 Bytes, activations                                              
2024-10-27 18:42:32,141 [INFO] CmdLine:67 -  macc               :   109,534                                                                                
2024-10-27 18:42:32,141 [INFO] CmdLine:67 -  weights (ro)       :   81,640 B (79.73 KiB) (1 segment)                                                       
2024-10-27 18:42:32,141 [INFO] CmdLine:67 -  activations (rw)   :   12,004 B (11.72 KiB) (1 segment) *                                                     
2024-10-27 18:42:32,141 [INFO] CmdLine:67 -  ram (total)        :   12,004 B (11.72 KiB) = 12,004 + 0 + 0                                                  
2024-10-27 18:42:32,141 [INFO] CmdLine:67 -  --------------------------------------------------------------------------------------------------------------
2024-10-27 18:42:32,141 [INFO] CmdLine:67 -  (*) 'input'/'output' buffers can be used from the activations buffer
2024-10-27 18:42:32,142 [INFO] CmdLine:67 - Computing AI RT data/code size (target=stm32l4)..
2024-10-27 18:42:32,144 [INFO] CmdLine:67 -  -> compiler "gcc:arm-none-eabi-gcc" is not in the PATH
2024-10-27 18:42:32,157 [INFO] CmdLine:67 -  Generated files (7)
2024-10-27 18:42:32,157 [INFO] CmdLine:67 -  -----------------------------------------------------------------
2024-10-27 18:42:32,157 [INFO] CmdLine:67 -  C:\Users\Ivan\.stm32cubemx\network_output\network_data_params.h
2024-10-27 18:42:32,157 [INFO] CmdLine:67 -  C:\Users\Ivan\.stm32cubemx\network_output\network_data_params.c
2024-10-27 18:42:32,157 [INFO] CmdLine:67 -  C:\Users\Ivan\.stm32cubemx\network_output\network_data.h
2024-10-27 18:42:32,157 [INFO] CmdLine:67 -  C:\Users\Ivan\.stm32cubemx\network_output\network_data.c
2024-10-27 18:42:32,158 [INFO] CmdLine:67 -  C:\Users\Ivan\.stm32cubemx\network_output\network_config.h
2024-10-27 18:42:32,158 [INFO] CmdLine:67 -  C:\Users\Ivan\.stm32cubemx\network_output\network.h
2024-10-27 18:42:32,158 [INFO] CmdLine:67 -  C:\Users\Ivan\.stm32cubemx\network_output\network.c
2024-10-27 18:42:32,158 [INFO] CmdLine:67 - Creating txt report file C:\Users\Ivan\.stm32cubemx\network_output\network_generate_report.txt
2024-10-27 18:42:32,526 [INFO] CmdLine:67 - elapsed time (generate): 5.231s
2024-10-27 18:42:32,871 [INFO] CmdLine:134 - stm32ai exit with status: 0
2024-10-27 18:42:32,907 [INFO] Middleware:617 - instanceName : STMicroelectronics.X-CUBE-AI.9.1.0 bspName : COM Port check condition success for : !SEMDeviceJjApplicationJjApplicationTemplate
2024-10-27 18:42:32,907 [INFO] Middleware:617 - instanceName : STMicroelectronics.X-CUBE-AI.9.1.0 bspName : COM Port check condition success for : !SEMDeviceJjApplicationJjApplicationTemplate
2024-10-27 18:42:32,907 [INFO] Middleware:617 - instanceName : STMicroelectronics.X-CUBE-AI.9.1.0 bspName : COM Port check condition success for : !SEMDeviceJjApplicationJjApplicationTemplate
2024-10-27 18:42:32,907 [INFO] Middleware:617 - instanceName : STMicroelectronics.X-CUBE-AI.9.1.0 bspName : COM Port check condition success for : !SEMDeviceJjApplicationJjApplicationTemplate
2024-10-27 18:42:32,907 [INFO] Middleware:617 - instanceName : STMicroelectronics.X-CUBE-AI.9.1.0 bspName : COM Port check condition success for : !SEMDeviceJjApplicationJjApplicationTemplate
2024-10-27 18:42:32,907 [INFO] Middleware:617 - instanceName : STMicroelectronics.X-CUBE-AI.9.1.0 bspName : COM Port check condition success for : !SEMDeviceJjApplicationJjApplicationTemplate
2024-10-27 18:42:32,937 [INFO] Middleware:617 - instanceName : STMicroelectronics.X-CUBE-AI.9.1.0 bspName : COM Port check condition success for : !SEMDeviceJjApplicationJjApplicationTemplate
2024-10-27 18:42:32,937 [INFO] Middleware:617 - instanceName : STMicroelectronics.X-CUBE-AI.9.1.0 bspName : COM Port check condition success for : !SEMDeviceJjApplicationJjApplicationTemplate
2024-10-27 18:42:32,937 [INFO] Middleware:617 - instanceName : STMicroelectronics.X-CUBE-AI.9.1.0 bspName : COM Port check condition success for : !SEMDeviceJjApplicationJjApplicationTemplate
2024-10-27 18:42:32,937 [INFO] Middleware:617 - instanceName : STMicroelectronics.X-CUBE-AI.9.1.0 bspName : COM Port check condition success for : !SEMDeviceJjApplicationJjApplicationTemplate
2024-10-27 18:42:32,937 [INFO] Middleware:617 - instanceName : STMicroelectronics.X-CUBE-AI.9.1.0 bspName : COM Port check condition success for : !SEMDeviceJjApplicationJjApplicationTemplate
2024-10-27 18:42:32,937 [INFO] Middleware:617 - instanceName : STMicroelectronics.X-CUBE-AI.9.1.0 bspName : COM Port check condition success for : !SEMDeviceJjApplicationJjApplicationTemplate
2024-10-27 18:42:32,941 [INFO] AIModelDetailledView:2350 - Analysis status: done
2024-10-27 18:42:33,516 [INFO] ProjectBuilder:3076 - Time for Copy HAL[1] : 189mS.
2024-10-27 18:42:33,516 [ERROR] Middleware:2969 - Invalid RefComponent liste
2024-10-27 18:42:33,516 [ERROR] Middleware:2969 - Invalid RefComponent liste
2024-10-27 18:42:33,516 [ERROR] Middleware:2969 - Invalid RefComponent liste
2024-10-27 18:42:33,516 [ERROR] Middleware:2969 - Invalid RefComponent liste
2024-10-27 18:42:33,516 [ERROR] Middleware:2969 - Invalid RefComponent liste
2024-10-27 18:42:33,516 [ERROR] Middleware:2969 - Invalid RefComponent liste
2024-10-27 18:42:33,516 [ERROR] Middleware:2969 - Invalid RefComponent liste
2024-10-27 18:42:33,516 [ERROR] Middleware:2969 - Invalid RefComponent liste
2024-10-27 18:42:33,516 [ERROR] Middleware:2969 - Invalid RefComponent liste
2024-10-27 18:42:33,516 [ERROR] Middleware:2969 - Invalid RefComponent liste
2024-10-27 18:42:33,516 [ERROR] Middleware:2969 - Invalid RefComponent liste
2024-10-27 18:42:33,516 [ERROR] Middleware:2969 - Invalid RefComponent liste
2024-10-27 18:42:33,516 [ERROR] Middleware:2969 - Invalid RefComponent liste
2024-10-27 18:42:33,516 [ERROR] Middleware:2969 - Invalid RefComponent liste
2024-10-27 18:42:33,516 [ERROR] Middleware:2969 - Invalid RefComponent liste
2024-10-27 18:42:33,516 [ERROR] Middleware:2969 - Invalid RefComponent liste
2024-10-27 18:42:33,516 [ERROR] Middleware:2969 - Invalid RefComponent liste
2024-10-27 18:42:33,516 [ERROR] Middleware:2969 - Invalid RefComponent liste
2024-10-27 18:42:33,516 [ERROR] Middleware:2969 - Invalid RefComponent liste
2024-10-27 18:42:33,516 [ERROR] Middleware:2969 - Invalid RefComponent liste
2024-10-27 18:42:33,516 [ERROR] Middleware:2969 - Invalid RefComponent liste
2024-10-27 18:42:33,516 [ERROR] Middleware:2969 - Invalid RefComponent liste
2024-10-27 18:42:33,516 [ERROR] Middleware:2969 - Invalid RefComponent liste
2024-10-27 18:42:33,516 [ERROR] Middleware:2969 - Invalid RefComponent liste
2024-10-27 18:42:33,516 [ERROR] Middleware:2969 - Invalid RefComponent liste
2024-10-27 18:42:33,517 [ERROR] Middleware:2969 - Invalid RefComponent liste
2024-10-27 18:42:33,517 [ERROR] Middleware:2969 - Invalid RefComponent liste
2024-10-27 18:42:33,517 [ERROR] Middleware:2969 - Invalid RefComponent liste
2024-10-27 18:42:33,517 [ERROR] Middleware:2969 - Invalid RefComponent liste
2024-10-27 18:42:33,517 [ERROR] Middleware:2969 - Invalid RefComponent liste
2024-10-27 18:42:33,517 [ERROR] Middleware:2969 - Invalid RefComponent liste
2024-10-27 18:42:33,517 [ERROR] Middleware:2969 - Invalid RefComponent liste
2024-10-27 18:42:33,517 [ERROR] Middleware:2969 - Invalid RefComponent liste
2024-10-27 18:42:33,517 [ERROR] Middleware:2969 - Invalid RefComponent liste
2024-10-27 18:42:33,517 [ERROR] Middleware:2969 - Invalid RefComponent liste
2024-10-27 18:42:33,517 [ERROR] Middleware:2969 - Invalid RefComponent liste
2024-10-27 18:42:33,517 [ERROR] Middleware:2969 - Invalid RefComponent liste
2024-10-27 18:42:33,517 [ERROR] Middleware:2969 - Invalid RefComponent liste
2024-10-27 18:42:33,517 [ERROR] Middleware:2969 - Invalid RefComponent liste
2024-10-27 18:42:33,517 [ERROR] Middleware:2969 - Invalid RefComponent liste
2024-10-27 18:42:33,517 [ERROR] Middleware:2969 - Invalid RefComponent liste
2024-10-27 18:42:33,517 [ERROR] Middleware:2969 - Invalid RefComponent liste
2024-10-27 18:42:33,517 [ERROR] Middleware:2969 - Invalid RefComponent liste
2024-10-27 18:42:33,517 [ERROR] Middleware:2969 - Invalid RefComponent liste
2024-10-27 18:42:33,517 [ERROR] Middleware:2969 - Invalid RefComponent liste
2024-10-27 18:42:33,517 [ERROR] Middleware:2969 - Invalid RefComponent liste
2024-10-27 18:42:33,517 [ERROR] Middleware:2969 - Invalid RefComponent liste
2024-10-27 18:42:33,517 [ERROR] Middleware:2969 - Invalid RefComponent liste
2024-10-27 18:42:33,517 [ERROR] Middleware:2969 - Invalid RefComponent liste
2024-10-27 18:42:33,517 [ERROR] Middleware:2969 - Invalid RefComponent liste
2024-10-27 18:42:33,517 [ERROR] Middleware:2969 - Invalid RefComponent liste
2024-10-27 18:42:33,517 [ERROR] Middleware:2969 - Invalid RefComponent liste
2024-10-27 18:42:33,517 [ERROR] Middleware:2969 - Invalid RefComponent liste
2024-10-27 18:42:33,517 [ERROR] Middleware:2969 - Invalid RefComponent liste
2024-10-27 18:42:33,517 [ERROR] Middleware:2969 - Invalid RefComponent liste
2024-10-27 18:42:33,517 [ERROR] Middleware:2969 - Invalid RefComponent liste
2024-10-27 18:42:33,517 [ERROR] Middleware:2969 - Invalid RefComponent liste
2024-10-27 18:42:33,517 [ERROR] Middleware:2969 - Invalid RefComponent liste
2024-10-27 18:42:33,517 [ERROR] Middleware:2969 - Invalid RefComponent liste
2024-10-27 18:42:33,517 [ERROR] Middleware:2969 - Invalid RefComponent liste
2024-10-27 18:42:33,517 [ERROR] Middleware:2969 - Invalid RefComponent liste
2024-10-27 18:42:33,518 [ERROR] Middleware:2969 - Invalid RefComponent liste
2024-10-27 18:42:33,518 [ERROR] Middleware:2969 - Invalid RefComponent liste
2024-10-27 18:42:33,518 [ERROR] Middleware:2969 - Invalid RefComponent liste
2024-10-27 18:42:33,518 [ERROR] Middleware:2969 - Invalid RefComponent liste
2024-10-27 18:42:33,518 [ERROR] Middleware:2969 - Invalid RefComponent liste
2024-10-27 18:42:33,518 [ERROR] Middleware:2969 - Invalid RefComponent liste
2024-10-27 18:42:33,518 [ERROR] Middleware:2969 - Invalid RefComponent liste
2024-10-27 18:42:33,518 [ERROR] Middleware:2969 - Invalid RefComponent liste
2024-10-27 18:42:33,518 [ERROR] Middleware:2969 - Invalid RefComponent liste
2024-10-27 18:42:33,530 [INFO] ProjectBuilder:4485 - Project Generator version: 4.2.0-B44
2024-10-27 18:42:33,759 [INFO] ConfigFileManager:1495 - The Die is : DIE415
2024-10-27 18:42:33,766 [INFO] ApiDbMcu:508 - Load IP Config File for FATFS
2024-10-27 18:42:33,774 [INFO] ApiDbMcu:508 - Load IP Config File for FREERTOS
2024-10-27 18:42:33,789 [INFO] ApiDbMcu:508 - Load IP Config File for TOUCHSENSING
2024-10-27 18:42:33,799 [INFO] ApiDbMcu:508 - Load IP Config File for USB_DEVICE
2024-10-27 18:42:33,806 [INFO] ApiDbMcu:508 - Load IP Config File for USB_HOST
2024-10-27 18:42:34,682 [INFO] LogOutputStream:77 - [STDOUT_REDIRECT] 
2024-10-27 18:42:38,181 [INFO] ProjectBuilder:4747 - Time for Generating toolchain IDE Files: 4651mS.
2024-10-27 18:42:38,182 [INFO] ProjectBuilder:2947 - Time for Copy CMSIS : 1mS.
2024-10-27 18:42:38,184 [INFO] ProjectBuilder:2947 - Time for Copy CMSIS : 0mS.
2024-10-27 18:42:50,565 [INFO] UtilMem:75 - End SaveConfig() Used Memory: 750212600 Bytes (1073741824)
2024-10-27 18:42:50,610 [INFO] Middleware:617 - instanceName : STMicroelectronics.X-CUBE-AI.9.1.0 bspName : COM Port check condition success for : !SEMDeviceJjApplicationJjApplicationTemplate
2024-10-27 18:42:50,610 [INFO] Middleware:617 - instanceName : STMicroelectronics.X-CUBE-AI.9.1.0 bspName : COM Port check condition success for : !SEMDeviceJjApplicationJjApplicationTemplate
2024-10-27 18:42:50,610 [INFO] Middleware:617 - instanceName : STMicroelectronics.X-CUBE-AI.9.1.0 bspName : COM Port check condition success for : !SEMDeviceJjApplicationJjApplicationTemplate
2024-10-27 18:42:50,650 [INFO] Middleware:617 - instanceName : STMicroelectronics.X-CUBE-AI.9.1.0 bspName : COM Port check condition success for : !SEMDeviceJjApplicationJjApplicationTemplate
2024-10-27 18:42:50,650 [INFO] Middleware:617 - instanceName : STMicroelectronics.X-CUBE-AI.9.1.0 bspName : COM Port check condition success for : !SEMDeviceJjApplicationJjApplicationTemplate
2024-10-27 18:42:50,650 [INFO] Middleware:617 - instanceName : STMicroelectronics.X-CUBE-AI.9.1.0 bspName : COM Port check condition success for : !SEMDeviceJjApplicationJjApplicationTemplate
2024-10-27 18:42:50,650 [INFO] Middleware:617 - instanceName : STMicroelectronics.X-CUBE-AI.9.1.0 bspName : COM Port check condition success for : !SEMDeviceJjApplicationJjApplicationTemplate
2024-10-27 18:42:50,650 [INFO] Middleware:617 - instanceName : STMicroelectronics.X-CUBE-AI.9.1.0 bspName : COM Port check condition success for : !SEMDeviceJjApplicationJjApplicationTemplate
2024-10-27 18:42:50,650 [INFO] Middleware:617 - instanceName : STMicroelectronics.X-CUBE-AI.9.1.0 bspName : COM Port check condition success for : !SEMDeviceJjApplicationJjApplicationTemplate
2024-10-27 18:42:50,654 [INFO] Middleware:617 - instanceName : STMicroelectronics.X-CUBE-AI.9.1.0 bspName : COM Port check condition success for : !SEMDeviceJjApplicationJjApplicationTemplate
2024-10-27 18:42:50,654 [INFO] Middleware:617 - instanceName : STMicroelectronics.X-CUBE-AI.9.1.0 bspName : COM Port check condition success for : !SEMDeviceJjApplicationJjApplicationTemplate
2024-10-27 18:42:50,654 [INFO] Middleware:617 - instanceName : STMicroelectronics.X-CUBE-AI.9.1.0 bspName : COM Port check condition success for : !SEMDeviceJjApplicationJjApplicationTemplate
2024-10-27 18:42:52,868 [INFO] UtilMem:75 - End SaveConfig() Used Memory: 803689976 Bytes (1073741824)
2024-10-27 18:42:52,908 [INFO] Middleware:617 - instanceName : STMicroelectronics.X-CUBE-AI.9.1.0 bspName : COM Port check condition success for : !SEMDeviceJjApplicationJjApplicationTemplate
2024-10-27 18:42:52,908 [INFO] Middleware:617 - instanceName : STMicroelectronics.X-CUBE-AI.9.1.0 bspName : COM Port check condition success for : !SEMDeviceJjApplicationJjApplicationTemplate
2024-10-27 18:42:52,908 [INFO] Middleware:617 - instanceName : STMicroelectronics.X-CUBE-AI.9.1.0 bspName : COM Port check condition success for : !SEMDeviceJjApplicationJjApplicationTemplate
2024-10-27 18:42:52,925 [INFO] Middleware:617 - instanceName : STMicroelectronics.X-CUBE-AI.9.1.0 bspName : COM Port check condition success for : !SEMDeviceJjApplicationJjApplicationTemplate
2024-10-27 18:42:52,925 [INFO] Middleware:617 - instanceName : STMicroelectronics.X-CUBE-AI.9.1.0 bspName : COM Port check condition success for : !SEMDeviceJjApplicationJjApplicationTemplate
2024-10-27 18:42:52,925 [INFO] Middleware:617 - instanceName : STMicroelectronics.X-CUBE-AI.9.1.0 bspName : COM Port check condition success for : !SEMDeviceJjApplicationJjApplicationTemplate
2024-10-27 18:42:53,251 [INFO] Middleware:617 - instanceName : STMicroelectronics.X-CUBE-AI.9.1.0 bspName : COM Port check condition success for : !SEMDeviceJjApplicationJjApplicationTemplate
2024-10-27 18:42:53,251 [INFO] Middleware:617 - instanceName : STMicroelectronics.X-CUBE-AI.9.1.0 bspName : COM Port check condition success for : !SEMDeviceJjApplicationJjApplicationTemplate
2024-10-27 18:42:53,251 [INFO] Middleware:617 - instanceName : STMicroelectronics.X-CUBE-AI.9.1.0 bspName : COM Port check condition success for : !SEMDeviceJjApplicationJjApplicationTemplate
2024-10-27 18:42:53,253 [INFO] UtilMem:75 - End SaveConfig() Used Memory: 848256504 Bytes (1073741824)
2024-10-27 18:42:53,299 [INFO] Middleware:617 - instanceName : STMicroelectronics.X-CUBE-AI.9.1.0 bspName : COM Port check condition success for : !SEMDeviceJjApplicationJjApplicationTemplate
2024-10-27 18:42:53,299 [INFO] Middleware:617 - instanceName : STMicroelectronics.X-CUBE-AI.9.1.0 bspName : COM Port check condition success for : !SEMDeviceJjApplicationJjApplicationTemplate
2024-10-27 18:42:53,299 [INFO] Middleware:617 - instanceName : STMicroelectronics.X-CUBE-AI.9.1.0 bspName : COM Port check condition success for : !SEMDeviceJjApplicationJjApplicationTemplate
2024-10-27 18:42:53,314 [INFO] Middleware:617 - instanceName : STMicroelectronics.X-CUBE-AI.9.1.0 bspName : COM Port check condition success for : !SEMDeviceJjApplicationJjApplicationTemplate
2024-10-27 18:42:53,314 [INFO] Middleware:617 - instanceName : STMicroelectronics.X-CUBE-AI.9.1.0 bspName : COM Port check condition success for : !SEMDeviceJjApplicationJjApplicationTemplate
2024-10-27 18:42:53,314 [INFO] Middleware:617 - instanceName : STMicroelectronics.X-CUBE-AI.9.1.0 bspName : COM Port check condition success for : !SEMDeviceJjApplicationJjApplicationTemplate
2024-10-27 18:42:53,470 [INFO] BlockDiagram:2759 - set Specific Code input for plugin: SYS
2024-10-27 18:42:53,470 [INFO] BlockDiagram:2759 - set Specific Code input for plugin: RCC
2024-10-27 18:42:53,470 [INFO] BlockDiagram:2759 - set Specific Code input for plugin: NVIC
2024-10-27 18:42:53,470 [INFO] BlockDiagram:2759 - set Specific Code input for plugin: USART
2024-10-27 18:42:53,471 [INFO] BlockDiagram:2759 - set Specific Code input for plugin: GPIO
2024-10-27 18:42:53,471 [INFO] BlockDiagram:2759 - set Specific Code input for plugin: STMicroelectronics.X-CUBE-AI.9.1.0
2024-10-27 18:42:53,472 [INFO] CodeGenerator:807 - code generatio: config db path: C:\ST\STM32CubeIDE_1.14.1\STM32CubeIDE\plugins\com.st.stm32cube.common.mx_6.10.0.202311202037\\db\
2024-10-27 18:42:53,605 [INFO] IP:3348 - RTE Config file name : RTE_Component
2024-10-27 18:42:53,605 [INFO] IP:3366 - RTE template : RTE_Components.ftl
2024-10-27 18:42:53,611 [INFO] CodeEngine:255 - oldGeneratedFile, C:\Users\Ivan\Desktop\ETH\Semester3\ml-on-mcu\ex6\Task_1\Image_Classification_Inference\MXTmpFiles\license.tmp_save
2024-10-27 18:42:53,666 [INFO] CodeEngine:279 - Generated code: C:\Users\Ivan\Desktop\ETH\Semester3\ml-on-mcu\ex6\Task_1\Image_Classification_Inference\MXTmpFiles\license.tmp
2024-10-27 18:42:53,687 [INFO] CodeEngine:255 - oldGeneratedFile, C:\Users\Ivan\Desktop\ETH\Semester3\ml-on-mcu\ex6\Task_1\Image_Classification_Inference\Core\Src\gpio.c_save
2024-10-27 18:42:53,756 [INFO] CodeEngine:279 - Generated code: C:\Users\Ivan\Desktop\ETH\Semester3\ml-on-mcu\ex6\Task_1\Image_Classification_Inference\Core\Src\gpio.c
2024-10-27 18:42:53,761 [INFO] CodeEngine:255 - oldGeneratedFile, C:\Users\Ivan\Desktop\ETH\Semester3\ml-on-mcu\ex6\Task_1\Image_Classification_Inference\Core\Inc\gpio.h_save
2024-10-27 18:42:53,827 [INFO] CodeEngine:279 - Generated code: C:\Users\Ivan\Desktop\ETH\Semester3\ml-on-mcu\ex6\Task_1\Image_Classification_Inference\Core\Inc\gpio.h
2024-10-27 18:42:53,912 [INFO] Middleware:1439 - No code input for Bsp Dependency
2024-10-27 18:42:53,916 [INFO] IP:3348 - RTE Config file name : RTE_Component
2024-10-27 18:42:53,916 [INFO] IP:3366 - RTE template : RTE_Components.ftl
2024-10-27 18:42:53,916 [INFO] Middleware:1439 - No code input for Bsp Dependency
2024-10-27 18:42:53,917 [INFO] IP:3348 - RTE Config file name : RTE_Component
2024-10-27 18:42:53,917 [INFO] IP:3366 - RTE template : RTE_Components.ftl
2024-10-27 18:42:53,924 [INFO] CodeEngine:255 - oldGeneratedFile, C:\Users\Ivan\Desktop\ETH\Semester3\ml-on-mcu\ex6\Task_1\Image_Classification_Inference\X-CUBE-AI\App\app_x-cube-ai.h_save
2024-10-27 18:42:54,003 [INFO] CodeEngine:279 - Generated code: C:\Users\Ivan\Desktop\ETH\Semester3\ml-on-mcu\ex6\Task_1\Image_Classification_Inference\X-CUBE-AI\App\app_x-cube-ai.h
2024-10-27 18:42:54,009 [INFO] CodeEngine:255 - oldGeneratedFile, C:\Users\Ivan\Desktop\ETH\Semester3\ml-on-mcu\ex6\Task_1\Image_Classification_Inference\X-CUBE-AI\constants_ai.h_save
2024-10-27 18:42:54,055 [INFO] CodeEngine:279 - Generated code: C:\Users\Ivan\Desktop\ETH\Semester3\ml-on-mcu\ex6\Task_1\Image_Classification_Inference\X-CUBE-AI\constants_ai.h
2024-10-27 18:42:54,061 [INFO] CodeEngine:255 - oldGeneratedFile, C:\Users\Ivan\Desktop\ETH\Semester3\ml-on-mcu\ex6\Task_1\Image_Classification_Inference\X-CUBE-AI\Target\bsp_ai.h_save
2024-10-27 18:42:54,107 [INFO] CodeEngine:279 - Generated code: C:\Users\Ivan\Desktop\ETH\Semester3\ml-on-mcu\ex6\Task_1\Image_Classification_Inference\X-CUBE-AI\Target\bsp_ai.h
2024-10-27 18:42:54,111 [INFO] CodeEngine:255 - oldGeneratedFile, C:\Users\Ivan\Desktop\ETH\Semester3\ml-on-mcu\ex6\Task_1\Image_Classification_Inference\X-CUBE-AI\App\app_x-cube-ai.c_save
2024-10-27 18:42:54,175 [INFO] CodeEngine:279 - Generated code: C:\Users\Ivan\Desktop\ETH\Semester3\ml-on-mcu\ex6\Task_1\Image_Classification_Inference\X-CUBE-AI\App\app_x-cube-ai.c
2024-10-27 18:42:54,185 [INFO] CodeEngine:255 - oldGeneratedFile, C:\Users\Ivan\Desktop\ETH\Semester3\ml-on-mcu\ex6\Task_1\Image_Classification_Inference\Core\Src\usart.c_save
2024-10-27 18:42:54,254 [INFO] CodeEngine:279 - Generated code: C:\Users\Ivan\Desktop\ETH\Semester3\ml-on-mcu\ex6\Task_1\Image_Classification_Inference\Core\Src\usart.c
2024-10-27 18:42:54,258 [INFO] CodeEngine:255 - oldGeneratedFile, C:\Users\Ivan\Desktop\ETH\Semester3\ml-on-mcu\ex6\Task_1\Image_Classification_Inference\Core\Inc\usart.h_save
2024-10-27 18:42:54,311 [INFO] CodeEngine:279 - Generated code: C:\Users\Ivan\Desktop\ETH\Semester3\ml-on-mcu\ex6\Task_1\Image_Classification_Inference\Core\Inc\usart.h
2024-10-27 18:42:54,327 [INFO] CodeEngine:255 - oldGeneratedFile, C:\Users\Ivan\Desktop\ETH\Semester3\ml-on-mcu\ex6\Task_1\Image_Classification_Inference\Core\Src\stm32l4xx_it.c_save
2024-10-27 18:42:54,412 [INFO] CodeEngine:279 - Generated code: C:\Users\Ivan\Desktop\ETH\Semester3\ml-on-mcu\ex6\Task_1\Image_Classification_Inference\Core\Src\stm32l4xx_it.c
2024-10-27 18:42:54,419 [INFO] CodeEngine:255 - oldGeneratedFile, C:\Users\Ivan\Desktop\ETH\Semester3\ml-on-mcu\ex6\Task_1\Image_Classification_Inference\Core\Inc\stm32l4xx_it.h_save
2024-10-27 18:42:54,478 [INFO] CodeEngine:279 - Generated code: C:\Users\Ivan\Desktop\ETH\Semester3\ml-on-mcu\ex6\Task_1\Image_Classification_Inference\Core\Inc\stm32l4xx_it.h
2024-10-27 18:42:54,481 [INFO] IP:3348 - RTE Config file name : RTE_Component
2024-10-27 18:42:54,481 [INFO] IP:3366 - RTE template : RTE_Components.ftl
2024-10-27 18:42:54,481 [INFO] CodeGenerator:2119 - Add RTE Code Input 
2024-10-27 18:42:54,489 [INFO] CodeEngine:255 - oldGeneratedFile, C:\Users\Ivan\Desktop\ETH\Semester3\ml-on-mcu\ex6\Task_1\Image_Classification_Inference\Core\Inc\RTE_Components.h_save
2024-10-27 18:42:54,536 [INFO] CodeEngine:279 - Generated code: C:\Users\Ivan\Desktop\ETH\Semester3\ml-on-mcu\ex6\Task_1\Image_Classification_Inference\Core\Inc\RTE_Components.h
2024-10-27 18:42:54,548 [INFO] CodeEngine:255 - oldGeneratedFile, C:\Users\Ivan\Desktop\ETH\Semester3\ml-on-mcu\ex6\Task_1\Image_Classification_Inference\Core\Src\stm32l4xx_hal_msp.c_save
2024-10-27 18:42:54,609 [INFO] CodeEngine:279 - Generated code: C:\Users\Ivan\Desktop\ETH\Semester3\ml-on-mcu\ex6\Task_1\Image_Classification_Inference\Core\Src\stm32l4xx_hal_msp.c
2024-10-27 18:42:54,612 [INFO] CodeEngine:255 - oldGeneratedFile, C:\Users\Ivan\Desktop\ETH\Semester3\ml-on-mcu\ex6\Task_1\Image_Classification_Inference\MXTmpFiles\system.tmp_save
2024-10-27 18:42:54,655 [INFO] CodeEngine:279 - Generated code: C:\Users\Ivan\Desktop\ETH\Semester3\ml-on-mcu\ex6\Task_1\Image_Classification_Inference\MXTmpFiles\system.tmp
2024-10-27 18:42:54,664 [INFO] CodeEngine:311 - oldGeneratedFile, C:\Users\Ivan\Desktop\ETH\Semester3\ml-on-mcu\ex6\Task_1\Image_Classification_Inference\Core\Inc\stm32l4xx_hal_conf.h_save
2024-10-27 18:42:54,714 [INFO] CodeEngine:335 - Generated code: C:\Users\Ivan\Desktop\ETH\Semester3\ml-on-mcu\ex6\Task_1\Image_Classification_Inference\Core\Inc\stm32l4xx_hal_conf.h
2024-10-27 18:42:54,740 [INFO] CodeEngine:255 - oldGeneratedFile, C:\Users\Ivan\Desktop\ETH\Semester3\ml-on-mcu\ex6\Task_1\Image_Classification_Inference\Core\Inc\main.h_save
2024-10-27 18:42:54,789 [INFO] CodeEngine:279 - Generated code: C:\Users\Ivan\Desktop\ETH\Semester3\ml-on-mcu\ex6\Task_1\Image_Classification_Inference\Core\Inc\main.h
2024-10-27 18:42:54,793 [INFO] CodeEngine:255 - oldGeneratedFile, C:\Users\Ivan\Desktop\ETH\Semester3\ml-on-mcu\ex6\Task_1\Image_Classification_Inference\Core\Src\main.c_save
2024-10-27 18:42:54,866 [INFO] CodeEngine:279 - Generated code: C:\Users\Ivan\Desktop\ETH\Semester3\ml-on-mcu\ex6\Task_1\Image_Classification_Inference\Core\Src\main.c
2024-10-27 18:42:59,104 [INFO] AInterface:315 - ModelName:network; files:[C:\Users\Ivan\Desktop\ETH\Semester3\ml-on-mcu\ex6\jupyter\models\fmnist_model_f32.h5]; type:Keras; compression:None
2024-10-27 18:42:59,104 [INFO] AInterface:523 - workspaceTempDir: C:/Users/Ivan/AppData/Local/Temp/mxAI_workspace15979011041001287102123570530219
2024-10-27 18:42:59,104 [INFO] AInterface:1117 - Setting Env: C:/Users/Ivan/STM32Cube/Repository/Packs/STMicroelectronics/X-CUBE-AI/9.1.0/Utilities/windows
2024-10-27 18:42:59,105 [INFO] AInterface:1174 - Custom PATH variable: C:/Users/Ivan/STM32Cube/Repository/Packs/STMicroelectronics/X-CUBE-AI/9.1.0/Utilities/windows;C:/Users/Ivan/STM32Cube/Repository/Packs/STMicroelectronics/X-CUBE-AI/9.1.0/Utilities/windows/mingw64/bin;C:/Users/Ivan/STM32Cube/Repository/Packs/STMicroelectronics/X-CUBE-AI/9.1.0/Utilities/windows/mingw64/libexec/gcc/x86_64-w64-mingw32/7.3.0;
2024-10-27 18:42:59,105 [INFO] CmdLine:102 - Command: C:/Users/Ivan/STM32Cube/Repository/Packs/STMicroelectronics/X-CUBE-AI/9.1.0/Utilities/windows/stedgeai.exe generate --target stm32l4 --name network -m C:/Users/Ivan/Desktop/ETH/Semester3/ml-on-mcu/ex6/jupyter/models/fmnist_model_f32.h5 --compression none --verbosity 1 --allocate-inputs --allocate-outputs --workspace C:/Users/Ivan/AppData/Local/Temp/mxAI_workspace15979011041001287102123570530219 --output C:/Users/Ivan/.stm32cubemx/network_output
2024-10-27 18:42:59,105 [INFO] AIModelDetailledView:2350 - Analysis status: pending
2024-10-27 18:43:03,906 [INFO] CmdLine:67 - ST Edge AI Core v1.0.0-19894
2024-10-27 18:43:04,472 [INFO] CmdLine:67 - Creating c (debug) info json file C:\Users\Ivan\AppData\Local\Temp\mxAI_workspace15979011041001287102123570530219\network_c_info.json
2024-10-27 18:43:04,503 [INFO] CmdLine:67 -  
2024-10-27 18:43:04,504 [INFO] CmdLine:67 -  Exec/report summary (generate)
2024-10-27 18:43:04,504 [INFO] CmdLine:67 -  --------------------------------------------------------------------------------------------------------------
2024-10-27 18:43:04,504 [INFO] CmdLine:67 -  model file         :   C:\Users\Ivan\Desktop\ETH\Semester3\ml-on-mcu\ex6\jupyter\models\fmnist_model_f32.h5   
2024-10-27 18:43:04,504 [INFO] CmdLine:67 -  type               :   keras                                                                                  
2024-10-27 18:43:04,504 [INFO] CmdLine:67 -  c_name             :   network                                                                                
2024-10-27 18:43:04,504 [INFO] CmdLine:67 -  compression        :   none                                                                                   
2024-10-27 18:43:04,504 [INFO] CmdLine:67 -  options            :   allocate-inputs, allocate-outputs                                                      
2024-10-27 18:43:04,504 [INFO] CmdLine:67 -  optimization       :   balanced                                                                               
2024-10-27 18:43:04,504 [INFO] CmdLine:67 -  target/series      :   stm32l4                                                                                
2024-10-27 18:43:04,504 [INFO] CmdLine:67 -  workspace dir      :   C:\Users\Ivan\AppData\Local\Temp\mxAI_workspace15979011041001287102123570530219        
2024-10-27 18:43:04,505 [INFO] CmdLine:67 -  output dir         :   C:\Users\Ivan\.stm32cubemx\network_output                                              
2024-10-27 18:43:04,505 [INFO] CmdLine:67 -  model_fmt          :   float                                                                                  
2024-10-27 18:43:04,505 [INFO] CmdLine:67 -  model_name         :   fmnist_model_f32                                                                       
2024-10-27 18:43:04,505 [INFO] CmdLine:67 -  model_hash         :   0x380258ce5506a98e73c694c25900e899                                                     
2024-10-27 18:43:04,505 [INFO] CmdLine:67 -  params #           :   20,410 items (79.73 KiB)                                                               
2024-10-27 18:43:04,505 [INFO] CmdLine:67 -  --------------------------------------------------------------------------------------------------------------
2024-10-27 18:43:04,506 [INFO] CmdLine:67 -  input 1/1          :   'input_0', f32(1x28x28), 3.06 KBytes, activations                                      
2024-10-27 18:43:04,506 [INFO] CmdLine:67 -  output 1/1         :   'dense', f32(1x10), 40 Bytes, activations                                              
2024-10-27 18:43:04,506 [INFO] CmdLine:67 -  macc               :   109,534                                                                                
2024-10-27 18:43:04,506 [INFO] CmdLine:67 -  weights (ro)       :   81,640 B (79.73 KiB) (1 segment)                                                       
2024-10-27 18:43:04,506 [INFO] CmdLine:67 -  activations (rw)   :   12,004 B (11.72 KiB) (1 segment) *                                                     
2024-10-27 18:43:04,506 [INFO] CmdLine:67 -  ram (total)        :   12,004 B (11.72 KiB) = 12,004 + 0 + 0                                                  
2024-10-27 18:43:04,506 [INFO] CmdLine:67 -  --------------------------------------------------------------------------------------------------------------
2024-10-27 18:43:04,506 [INFO] CmdLine:67 -  (*) 'input'/'output' buffers can be used from the activations buffer
2024-10-27 18:43:04,508 [INFO] CmdLine:67 - Computing AI RT data/code size (target=stm32l4)..
2024-10-27 18:43:04,509 [INFO] CmdLine:67 -  -> compiler "gcc:arm-none-eabi-gcc" is not in the PATH
2024-10-27 18:43:04,520 [INFO] CmdLine:67 -  Generated files (7)
2024-10-27 18:43:04,520 [INFO] CmdLine:67 -  -----------------------------------------------------------------
2024-10-27 18:43:04,520 [INFO] CmdLine:67 -  C:\Users\Ivan\.stm32cubemx\network_output\network_data_params.h
2024-10-27 18:43:04,521 [INFO] CmdLine:67 -  C:\Users\Ivan\.stm32cubemx\network_output\network_data_params.c
2024-10-27 18:43:04,521 [INFO] CmdLine:67 -  C:\Users\Ivan\.stm32cubemx\network_output\network_data.h
2024-10-27 18:43:04,521 [INFO] CmdLine:67 -  C:\Users\Ivan\.stm32cubemx\network_output\network_data.c
2024-10-27 18:43:04,521 [INFO] CmdLine:67 -  C:\Users\Ivan\.stm32cubemx\network_output\network_config.h
2024-10-27 18:43:04,521 [INFO] CmdLine:67 -  C:\Users\Ivan\.stm32cubemx\network_output\network.h
2024-10-27 18:43:04,521 [INFO] CmdLine:67 -  C:\Users\Ivan\.stm32cubemx\network_output\network.c
2024-10-27 18:43:04,521 [INFO] CmdLine:67 - Creating txt report file C:\Users\Ivan\.stm32cubemx\network_output\network_generate_report.txt
2024-10-27 18:43:04,869 [INFO] CmdLine:67 - elapsed time (generate): 5.287s
2024-10-27 18:43:05,202 [INFO] CmdLine:134 - stm32ai exit with status: 0
2024-10-27 18:43:05,218 [INFO] AIModelDetailledView:2350 - Analysis status: done
2024-10-27 18:43:05,664 [INFO] ProjectBuilder:3076 - Time for Copy HAL[1] : 140mS.
2024-10-27 18:43:05,664 [ERROR] Middleware:2969 - Invalid RefComponent liste
2024-10-27 18:43:05,664 [ERROR] Middleware:2969 - Invalid RefComponent liste
2024-10-27 18:43:05,664 [ERROR] Middleware:2969 - Invalid RefComponent liste
2024-10-27 18:43:05,664 [ERROR] Middleware:2969 - Invalid RefComponent liste
2024-10-27 18:43:05,664 [ERROR] Middleware:2969 - Invalid RefComponent liste
2024-10-27 18:43:05,664 [ERROR] Middleware:2969 - Invalid RefComponent liste
2024-10-27 18:43:05,664 [ERROR] Middleware:2969 - Invalid RefComponent liste
2024-10-27 18:43:05,664 [ERROR] Middleware:2969 - Invalid RefComponent liste
2024-10-27 18:43:05,665 [ERROR] Middleware:2969 - Invalid RefComponent liste
2024-10-27 18:43:05,665 [ERROR] Middleware:2969 - Invalid RefComponent liste
2024-10-27 18:43:05,665 [ERROR] Middleware:2969 - Invalid RefComponent liste
2024-10-27 18:43:05,665 [ERROR] Middleware:2969 - Invalid RefComponent liste
2024-10-27 18:43:05,665 [ERROR] Middleware:2969 - Invalid RefComponent liste
2024-10-27 18:43:05,665 [ERROR] Middleware:2969 - Invalid RefComponent liste
2024-10-27 18:43:05,665 [ERROR] Middleware:2969 - Invalid RefComponent liste
2024-10-27 18:43:05,665 [ERROR] Middleware:2969 - Invalid RefComponent liste
2024-10-27 18:43:05,665 [ERROR] Middleware:2969 - Invalid RefComponent liste
2024-10-27 18:43:05,665 [ERROR] Middleware:2969 - Invalid RefComponent liste
2024-10-27 18:43:05,665 [ERROR] Middleware:2969 - Invalid RefComponent liste
2024-10-27 18:43:05,665 [ERROR] Middleware:2969 - Invalid RefComponent liste
2024-10-27 18:43:05,665 [ERROR] Middleware:2969 - Invalid RefComponent liste
2024-10-27 18:43:05,665 [ERROR] Middleware:2969 - Invalid RefComponent liste
2024-10-27 18:43:05,665 [ERROR] Middleware:2969 - Invalid RefComponent liste
2024-10-27 18:43:05,665 [ERROR] Middleware:2969 - Invalid RefComponent liste
2024-10-27 18:43:05,665 [ERROR] Middleware:2969 - Invalid RefComponent liste
2024-10-27 18:43:05,665 [ERROR] Middleware:2969 - Invalid RefComponent liste
2024-10-27 18:43:05,665 [ERROR] Middleware:2969 - Invalid RefComponent liste
2024-10-27 18:43:05,665 [ERROR] Middleware:2969 - Invalid RefComponent liste
2024-10-27 18:43:05,665 [ERROR] Middleware:2969 - Invalid RefComponent liste
2024-10-27 18:43:05,665 [ERROR] Middleware:2969 - Invalid RefComponent liste
2024-10-27 18:43:05,665 [ERROR] Middleware:2969 - Invalid RefComponent liste
2024-10-27 18:43:05,665 [ERROR] Middleware:2969 - Invalid RefComponent liste
2024-10-27 18:43:05,665 [ERROR] Middleware:2969 - Invalid RefComponent liste
2024-10-27 18:43:05,665 [ERROR] Middleware:2969 - Invalid RefComponent liste
2024-10-27 18:43:05,666 [ERROR] Middleware:2969 - Invalid RefComponent liste
2024-10-27 18:43:05,666 [ERROR] Middleware:2969 - Invalid RefComponent liste
2024-10-27 18:43:05,666 [ERROR] Middleware:2969 - Invalid RefComponent liste
2024-10-27 18:43:05,666 [ERROR] Middleware:2969 - Invalid RefComponent liste
2024-10-27 18:43:05,666 [ERROR] Middleware:2969 - Invalid RefComponent liste
2024-10-27 18:43:05,666 [ERROR] Middleware:2969 - Invalid RefComponent liste
2024-10-27 18:43:05,666 [ERROR] Middleware:2969 - Invalid RefComponent liste
2024-10-27 18:43:05,666 [ERROR] Middleware:2969 - Invalid RefComponent liste
2024-10-27 18:43:05,666 [ERROR] Middleware:2969 - Invalid RefComponent liste
2024-10-27 18:43:05,666 [ERROR] Middleware:2969 - Invalid RefComponent liste
2024-10-27 18:43:05,666 [ERROR] Middleware:2969 - Invalid RefComponent liste
2024-10-27 18:43:05,667 [ERROR] Middleware:2969 - Invalid RefComponent liste
2024-10-27 18:43:05,667 [ERROR] Middleware:2969 - Invalid RefComponent liste
2024-10-27 18:43:05,667 [ERROR] Middleware:2969 - Invalid RefComponent liste
2024-10-27 18:43:05,667 [ERROR] Middleware:2969 - Invalid RefComponent liste
2024-10-27 18:43:05,667 [ERROR] Middleware:2969 - Invalid RefComponent liste
2024-10-27 18:43:05,667 [ERROR] Middleware:2969 - Invalid RefComponent liste
2024-10-27 18:43:05,667 [ERROR] Middleware:2969 - Invalid RefComponent liste
2024-10-27 18:43:05,667 [ERROR] Middleware:2969 - Invalid RefComponent liste
2024-10-27 18:43:05,667 [ERROR] Middleware:2969 - Invalid RefComponent liste
2024-10-27 18:43:05,667 [ERROR] Middleware:2969 - Invalid RefComponent liste
2024-10-27 18:43:05,667 [ERROR] Middleware:2969 - Invalid RefComponent liste
2024-10-27 18:43:05,667 [ERROR] Middleware:2969 - Invalid RefComponent liste
2024-10-27 18:43:05,667 [ERROR] Middleware:2969 - Invalid RefComponent liste
2024-10-27 18:43:05,667 [ERROR] Middleware:2969 - Invalid RefComponent liste
2024-10-27 18:43:05,667 [ERROR] Middleware:2969 - Invalid RefComponent liste
2024-10-27 18:43:05,667 [ERROR] Middleware:2969 - Invalid RefComponent liste
2024-10-27 18:43:05,667 [ERROR] Middleware:2969 - Invalid RefComponent liste
2024-10-27 18:43:05,667 [ERROR] Middleware:2969 - Invalid RefComponent liste
2024-10-27 18:43:05,667 [ERROR] Middleware:2969 - Invalid RefComponent liste
2024-10-27 18:43:05,667 [ERROR] Middleware:2969 - Invalid RefComponent liste
2024-10-27 18:43:05,667 [ERROR] Middleware:2969 - Invalid RefComponent liste
2024-10-27 18:43:05,667 [ERROR] Middleware:2969 - Invalid RefComponent liste
2024-10-27 18:43:05,667 [ERROR] Middleware:2969 - Invalid RefComponent liste
2024-10-27 18:43:05,667 [ERROR] Middleware:2969 - Invalid RefComponent liste
2024-10-27 18:43:05,667 [ERROR] Middleware:2969 - Invalid RefComponent liste
2024-10-27 18:43:05,678 [INFO] ProjectBuilder:4485 - Project Generator version: 4.2.0-B44
2024-10-27 18:43:05,888 [INFO] ConfigFileManager:1495 - The Die is : DIE415
2024-10-27 18:43:09,359 [INFO] ProjectBuilder:4747 - Time for Generating toolchain IDE Files: 3681mS.
2024-10-27 18:43:09,360 [INFO] ProjectBuilder:2947 - Time for Copy CMSIS : 0mS.
2024-10-27 18:43:09,363 [INFO] ProjectBuilder:2947 - Time for Copy CMSIS : 0mS.
2024-10-27 18:46:20,960 [INFO] Middleware:617 - instanceName : STMicroelectronics.X-CUBE-AI.9.1.0 bspName : COM Port check condition success for : !SEMDeviceJjApplicationJjApplicationTemplate
2024-10-27 18:46:20,960 [INFO] Middleware:617 - instanceName : STMicroelectronics.X-CUBE-AI.9.1.0 bspName : COM Port check condition success for : !SEMDeviceJjApplicationJjApplicationTemplate
2024-10-27 18:46:20,960 [INFO] Middleware:617 - instanceName : STMicroelectronics.X-CUBE-AI.9.1.0 bspName : COM Port check condition success for : !SEMDeviceJjApplicationJjApplicationTemplate
2024-10-27 18:46:20,960 [INFO] Middleware:617 - instanceName : STMicroelectronics.X-CUBE-AI.9.1.0 bspName : COM Port check condition success for : !SEMDeviceJjApplicationJjApplicationTemplate
2024-10-27 18:46:20,960 [INFO] Middleware:617 - instanceName : STMicroelectronics.X-CUBE-AI.9.1.0 bspName : COM Port check condition success for : !SEMDeviceJjApplicationJjApplicationTemplate
2024-10-27 18:46:20,960 [INFO] Middleware:617 - instanceName : STMicroelectronics.X-CUBE-AI.9.1.0 bspName : COM Port check condition success for : !SEMDeviceJjApplicationJjApplicationTemplate
2024-10-27 18:46:20,983 [INFO] Middleware:617 - instanceName : STMicroelectronics.X-CUBE-AI.9.1.0 bspName : COM Port check condition success for : !SEMDeviceJjApplicationJjApplicationTemplate
2024-10-27 18:46:20,984 [INFO] Middleware:617 - instanceName : STMicroelectronics.X-CUBE-AI.9.1.0 bspName : COM Port check condition success for : !SEMDeviceJjApplicationJjApplicationTemplate
2024-10-27 18:46:20,984 [INFO] Middleware:617 - instanceName : STMicroelectronics.X-CUBE-AI.9.1.0 bspName : COM Port check condition success for : !SEMDeviceJjApplicationJjApplicationTemplate
2024-10-27 18:46:20,984 [INFO] Middleware:617 - instanceName : STMicroelectronics.X-CUBE-AI.9.1.0 bspName : COM Port check condition success for : !SEMDeviceJjApplicationJjApplicationTemplate
2024-10-27 18:46:20,984 [INFO] Middleware:617 - instanceName : STMicroelectronics.X-CUBE-AI.9.1.0 bspName : COM Port check condition success for : !SEMDeviceJjApplicationJjApplicationTemplate
2024-10-27 18:46:20,984 [INFO] Middleware:617 - instanceName : STMicroelectronics.X-CUBE-AI.9.1.0 bspName : COM Port check condition success for : !SEMDeviceJjApplicationJjApplicationTemplate
2024-10-27 18:46:21,005 [INFO] Middleware:617 - instanceName : STMicroelectronics.X-CUBE-AI.9.1.0 bspName : COM Port check condition success for : !SEMDeviceJjApplicationJjApplicationTemplate
2024-10-27 18:46:21,005 [INFO] Middleware:617 - instanceName : STMicroelectronics.X-CUBE-AI.9.1.0 bspName : COM Port check condition success for : !SEMDeviceJjApplicationJjApplicationTemplate
2024-10-27 18:46:21,005 [INFO] Middleware:617 - instanceName : STMicroelectronics.X-CUBE-AI.9.1.0 bspName : COM Port check condition success for : !SEMDeviceJjApplicationJjApplicationTemplate
2024-10-27 18:46:21,005 [INFO] Middleware:617 - instanceName : STMicroelectronics.X-CUBE-AI.9.1.0 bspName : COM Port check condition success for : !SEMDeviceJjApplicationJjApplicationTemplate
2024-10-27 18:46:21,005 [INFO] Middleware:617 - instanceName : STMicroelectronics.X-CUBE-AI.9.1.0 bspName : COM Port check condition success for : !SEMDeviceJjApplicationJjApplicationTemplate
2024-10-27 18:46:21,005 [INFO] Middleware:617 - instanceName : STMicroelectronics.X-CUBE-AI.9.1.0 bspName : COM Port check condition success for : !SEMDeviceJjApplicationJjApplicationTemplate
2024-10-27 18:47:17,935 [INFO] UtilMem:75 - End SaveConfig() Used Memory: 836720128 Bytes (1073741824)
2024-10-27 18:47:20,376 [INFO] UtilMem:75 - End SaveConfig() Used Memory: 903828992 Bytes (1073741824)
2024-10-27 18:47:22,790 [INFO] UtilMem:75 - End SaveConfig() Used Memory: 741915160 Bytes (1073741824)
2024-10-27 18:47:22,982 [INFO] BlockDiagram:2759 - set Specific Code input for plugin: SYS
2024-10-27 18:47:22,982 [INFO] BlockDiagram:2759 - set Specific Code input for plugin: RCC
2024-10-27 18:47:22,982 [INFO] BlockDiagram:2759 - set Specific Code input for plugin: NVIC
2024-10-27 18:47:22,983 [INFO] BlockDiagram:2759 - set Specific Code input for plugin: USART
2024-10-27 18:47:22,983 [INFO] BlockDiagram:2759 - set Specific Code input for plugin: GPIO
2024-10-27 18:47:22,983 [INFO] BlockDiagram:2759 - set Specific Code input for plugin: STMicroelectronics.X-CUBE-AI.9.1.0
2024-10-27 18:47:22,984 [INFO] CodeGenerator:807 - code generatio: config db path: C:\ST\STM32CubeIDE_1.14.1\STM32CubeIDE\plugins\com.st.stm32cube.common.mx_6.10.0.202311202037\\db\
2024-10-27 18:47:23,114 [INFO] CodeEngine:255 - oldGeneratedFile, C:\Users\Ivan\Desktop\ETH\Semester3\ml-on-mcu\ex6\Task_1\Image_Classification_Inference\MXTmpFiles\license.tmp_save
2024-10-27 18:47:23,164 [INFO] CodeEngine:279 - Generated code: C:\Users\Ivan\Desktop\ETH\Semester3\ml-on-mcu\ex6\Task_1\Image_Classification_Inference\MXTmpFiles\license.tmp
2024-10-27 18:47:23,182 [INFO] CodeEngine:255 - oldGeneratedFile, C:\Users\Ivan\Desktop\ETH\Semester3\ml-on-mcu\ex6\Task_1\Image_Classification_Inference\Core\Src\gpio.c_save
2024-10-27 18:47:23,255 [INFO] CodeEngine:279 - Generated code: C:\Users\Ivan\Desktop\ETH\Semester3\ml-on-mcu\ex6\Task_1\Image_Classification_Inference\Core\Src\gpio.c
2024-10-27 18:47:23,259 [INFO] CodeEngine:255 - oldGeneratedFile, C:\Users\Ivan\Desktop\ETH\Semester3\ml-on-mcu\ex6\Task_1\Image_Classification_Inference\Core\Inc\gpio.h_save
2024-10-27 18:47:23,309 [INFO] CodeEngine:279 - Generated code: C:\Users\Ivan\Desktop\ETH\Semester3\ml-on-mcu\ex6\Task_1\Image_Classification_Inference\Core\Inc\gpio.h
2024-10-27 18:47:23,358 [INFO] CodeEngine:255 - oldGeneratedFile, C:\Users\Ivan\Desktop\ETH\Semester3\ml-on-mcu\ex6\Task_1\Image_Classification_Inference\Core\Src\usart.c_save
2024-10-27 18:47:23,468 [INFO] CodeEngine:279 - Generated code: C:\Users\Ivan\Desktop\ETH\Semester3\ml-on-mcu\ex6\Task_1\Image_Classification_Inference\Core\Src\usart.c
2024-10-27 18:47:23,473 [INFO] CodeEngine:255 - oldGeneratedFile, C:\Users\Ivan\Desktop\ETH\Semester3\ml-on-mcu\ex6\Task_1\Image_Classification_Inference\Core\Inc\usart.h_save
2024-10-27 18:47:23,520 [INFO] CodeEngine:279 - Generated code: C:\Users\Ivan\Desktop\ETH\Semester3\ml-on-mcu\ex6\Task_1\Image_Classification_Inference\Core\Inc\usart.h
2024-10-27 18:47:23,530 [INFO] CodeEngine:255 - oldGeneratedFile, C:\Users\Ivan\Desktop\ETH\Semester3\ml-on-mcu\ex6\Task_1\Image_Classification_Inference\Core\Src\stm32l4xx_it.c_save
2024-10-27 18:47:23,579 [INFO] CodeEngine:279 - Generated code: C:\Users\Ivan\Desktop\ETH\Semester3\ml-on-mcu\ex6\Task_1\Image_Classification_Inference\Core\Src\stm32l4xx_it.c
2024-10-27 18:47:23,584 [INFO] CodeEngine:255 - oldGeneratedFile, C:\Users\Ivan\Desktop\ETH\Semester3\ml-on-mcu\ex6\Task_1\Image_Classification_Inference\Core\Inc\stm32l4xx_it.h_save
2024-10-27 18:47:23,632 [INFO] CodeEngine:279 - Generated code: C:\Users\Ivan\Desktop\ETH\Semester3\ml-on-mcu\ex6\Task_1\Image_Classification_Inference\Core\Inc\stm32l4xx_it.h
2024-10-27 18:47:23,641 [INFO] CodeEngine:255 - oldGeneratedFile, C:\Users\Ivan\Desktop\ETH\Semester3\ml-on-mcu\ex6\Task_1\Image_Classification_Inference\Core\Src\stm32l4xx_hal_msp.c_save
2024-10-27 18:47:23,701 [INFO] CodeEngine:279 - Generated code: C:\Users\Ivan\Desktop\ETH\Semester3\ml-on-mcu\ex6\Task_1\Image_Classification_Inference\Core\Src\stm32l4xx_hal_msp.c
2024-10-27 18:47:23,705 [INFO] CodeEngine:255 - oldGeneratedFile, C:\Users\Ivan\Desktop\ETH\Semester3\ml-on-mcu\ex6\Task_1\Image_Classification_Inference\MXTmpFiles\system.tmp_save
2024-10-27 18:47:23,747 [INFO] CodeEngine:279 - Generated code: C:\Users\Ivan\Desktop\ETH\Semester3\ml-on-mcu\ex6\Task_1\Image_Classification_Inference\MXTmpFiles\system.tmp
2024-10-27 18:47:23,754 [INFO] CodeEngine:311 - oldGeneratedFile, C:\Users\Ivan\Desktop\ETH\Semester3\ml-on-mcu\ex6\Task_1\Image_Classification_Inference\Core\Inc\stm32l4xx_hal_conf.h_save
2024-10-27 18:47:23,805 [INFO] CodeEngine:335 - Generated code: C:\Users\Ivan\Desktop\ETH\Semester3\ml-on-mcu\ex6\Task_1\Image_Classification_Inference\Core\Inc\stm32l4xx_hal_conf.h
2024-10-27 18:47:23,830 [INFO] CodeEngine:255 - oldGeneratedFile, C:\Users\Ivan\Desktop\ETH\Semester3\ml-on-mcu\ex6\Task_1\Image_Classification_Inference\Core\Inc\main.h_save
2024-10-27 18:47:23,878 [INFO] CodeEngine:279 - Generated code: C:\Users\Ivan\Desktop\ETH\Semester3\ml-on-mcu\ex6\Task_1\Image_Classification_Inference\Core\Inc\main.h
2024-10-27 18:47:23,882 [INFO] CodeEngine:255 - oldGeneratedFile, C:\Users\Ivan\Desktop\ETH\Semester3\ml-on-mcu\ex6\Task_1\Image_Classification_Inference\Core\Src\main.c_save
2024-10-27 18:47:23,972 [INFO] CodeEngine:279 - Generated code: C:\Users\Ivan\Desktop\ETH\Semester3\ml-on-mcu\ex6\Task_1\Image_Classification_Inference\Core\Src\main.c
2024-10-27 18:47:24,516 [INFO] ProjectBuilder:3076 - Time for Copy HAL[1] : 183mS.
2024-10-27 18:47:24,520 [INFO] ProjectBuilder:4485 - Project Generator version: 4.2.0-B44
2024-10-27 18:47:24,722 [INFO] ConfigFileManager:1495 - The Die is : DIE415
2024-10-27 18:47:28,068 [INFO] ProjectBuilder:4747 - Time for Generating toolchain IDE Files: 3548mS.
2024-10-27 18:47:28,069 [INFO] ProjectBuilder:2947 - Time for Copy CMSIS : 1mS.
2024-10-27 18:47:28,071 [INFO] ProjectBuilder:2947 - Time for Copy CMSIS : 0mS.
2024-10-27 19:17:50,942 [INFO] ApiDbMcu:508 - Load IP Config File for STMicroelectronics.X-CUBE-AI.9.1.0
2024-10-27 19:17:50,998 [WARN] SupportedApi:132 - Cannot load RTOS API schema: s4s-elt-must-match.1: The content of 'definitions' must match (annotation?, (simpleType | complexType)?, (unique | key | keyref)*)). A problem was found starting at: attribute.
2024-10-27 19:17:51,194 [INFO] IPUIPlugin:80 - create IPUIPlugin
2024-10-27 19:17:55,205 [INFO] Middleware:617 - instanceName : STMicroelectronics.X-CUBE-AI.9.1.0 bspName : COM Port check condition success for : !SEMDeviceJjApplicationJjApplicationTemplate
2024-10-27 19:17:55,206 [INFO] Middleware:617 - instanceName : STMicroelectronics.X-CUBE-AI.9.1.0 bspName : COM Port check condition success for : !SEMDeviceJjApplicationJjApplicationTemplate
2024-10-27 19:17:55,206 [INFO] Middleware:617 - instanceName : STMicroelectronics.X-CUBE-AI.9.1.0 bspName : COM Port check condition success for : !SEMDeviceJjApplicationJjApplicationTemplate
2024-10-27 19:17:55,229 [INFO] Middleware:617 - instanceName : STMicroelectronics.X-CUBE-AI.9.1.0 bspName : COM Port check condition success for : !SEMDeviceJjApplicationJjApplicationTemplate
2024-10-27 19:17:55,229 [INFO] Middleware:617 - instanceName : STMicroelectronics.X-CUBE-AI.9.1.0 bspName : COM Port check condition success for : !SEMDeviceJjApplicationJjApplicationTemplate
2024-10-27 19:17:55,229 [INFO] Middleware:617 - instanceName : STMicroelectronics.X-CUBE-AI.9.1.0 bspName : COM Port check condition success for : !SEMDeviceJjApplicationJjApplicationTemplate
2024-10-27 19:17:55,278 [INFO] Middleware:617 - instanceName : STMicroelectronics.X-CUBE-AI.9.1.0 bspName : COM Port check condition success for : !SEMDeviceJjApplicationJjApplicationTemplate
2024-10-27 19:17:55,278 [INFO] Middleware:617 - instanceName : STMicroelectronics.X-CUBE-AI.9.1.0 bspName : COM Port check condition success for : !SEMDeviceJjApplicationJjApplicationTemplate
2024-10-27 19:17:55,278 [INFO] Middleware:617 - instanceName : STMicroelectronics.X-CUBE-AI.9.1.0 bspName : COM Port check condition success for : !SEMDeviceJjApplicationJjApplicationTemplate
2024-10-27 19:17:55,283 [INFO] AIMainUI:1266 - Restoring parameters from IP...
2024-10-27 19:17:55,283 [INFO] AIMainUI:1389 - No old model detected
2024-10-27 19:17:55,294 [INFO] AI:971 - getUI adding AI com.st.microxplorer.plugins.ip.ai.AI@5e99e0c1 on STMicroelectronics.X-CUBE-AI.9.1.0
2024-10-27 19:17:55,295 [INFO] Middleware:617 - instanceName : STMicroelectronics.X-CUBE-AI.9.1.0 bspName : COM Port check condition success for : !SEMDeviceJjApplicationJjApplicationTemplate
2024-10-27 19:17:55,295 [INFO] Middleware:617 - instanceName : STMicroelectronics.X-CUBE-AI.9.1.0 bspName : COM Port check condition success for : !SEMDeviceJjApplicationJjApplicationTemplate
2024-10-27 19:17:55,295 [INFO] Middleware:617 - instanceName : STMicroelectronics.X-CUBE-AI.9.1.0 bspName : COM Port check condition success for : !SEMDeviceJjApplicationJjApplicationTemplate
2024-10-27 19:17:55,511 [INFO] Middleware:617 - instanceName : STMicroelectronics.X-CUBE-AI.9.1.0 bspName : COM Port check condition success for : !SEMDeviceJjApplicationJjApplicationTemplate
2024-10-27 19:17:55,511 [INFO] Middleware:617 - instanceName : STMicroelectronics.X-CUBE-AI.9.1.0 bspName : COM Port check condition success for : !SEMDeviceJjApplicationJjApplicationTemplate
2024-10-27 19:17:55,511 [INFO] Middleware:617 - instanceName : STMicroelectronics.X-CUBE-AI.9.1.0 bspName : COM Port check condition success for : !SEMDeviceJjApplicationJjApplicationTemplate
2024-10-27 19:17:55,543 [INFO] Middleware:617 - instanceName : STMicroelectronics.X-CUBE-AI.9.1.0 bspName : COM Port check condition success for : !SEMDeviceJjApplicationJjApplicationTemplate
2024-10-27 19:17:55,544 [INFO] Middleware:617 - instanceName : STMicroelectronics.X-CUBE-AI.9.1.0 bspName : COM Port check condition success for : !SEMDeviceJjApplicationJjApplicationTemplate
2024-10-27 19:17:55,544 [INFO] Middleware:617 - instanceName : STMicroelectronics.X-CUBE-AI.9.1.0 bspName : COM Port check condition success for : !SEMDeviceJjApplicationJjApplicationTemplate
2024-10-27 19:17:55,593 [INFO] Middleware:617 - instanceName : STMicroelectronics.X-CUBE-AI.9.1.0 bspName : COM Port check condition success for : !SEMDeviceJjApplicationJjApplicationTemplate
2024-10-27 19:17:55,593 [INFO] Middleware:617 - instanceName : STMicroelectronics.X-CUBE-AI.9.1.0 bspName : COM Port check condition success for : !SEMDeviceJjApplicationJjApplicationTemplate
2024-10-27 19:17:55,593 [INFO] Middleware:617 - instanceName : STMicroelectronics.X-CUBE-AI.9.1.0 bspName : COM Port check condition success for : !SEMDeviceJjApplicationJjApplicationTemplate
2024-10-27 19:17:55,608 [INFO] AI:971 - getUI adding AI com.st.microxplorer.plugins.ip.ai.AI@5e99e0c1 on STMicroelectronics.X-CUBE-AI.9.1.0
2024-10-27 19:17:55,608 [INFO] Middleware:617 - instanceName : STMicroelectronics.X-CUBE-AI.9.1.0 bspName : COM Port check condition success for : !SEMDeviceJjApplicationJjApplicationTemplate
2024-10-27 19:17:55,608 [INFO] Middleware:617 - instanceName : STMicroelectronics.X-CUBE-AI.9.1.0 bspName : COM Port check condition success for : !SEMDeviceJjApplicationJjApplicationTemplate
2024-10-27 19:17:55,608 [INFO] Middleware:617 - instanceName : STMicroelectronics.X-CUBE-AI.9.1.0 bspName : COM Port check condition success for : !SEMDeviceJjApplicationJjApplicationTemplate
2024-10-27 19:17:55,612 [INFO] Middleware:617 - instanceName : STMicroelectronics.X-CUBE-AI.9.1.0 bspName : COM Port check condition success for : !SEMDeviceJjApplicationJjApplicationTemplate
2024-10-27 19:17:55,612 [INFO] Middleware:617 - instanceName : STMicroelectronics.X-CUBE-AI.9.1.0 bspName : COM Port check condition success for : !SEMDeviceJjApplicationJjApplicationTemplate
2024-10-27 19:17:55,612 [INFO] Middleware:617 - instanceName : STMicroelectronics.X-CUBE-AI.9.1.0 bspName : COM Port check condition success for : !SEMDeviceJjApplicationJjApplicationTemplate
2024-10-27 19:17:55,675 [INFO] Middleware:617 - instanceName : STMicroelectronics.X-CUBE-AI.9.1.0 bspName : COM Port check condition success for : !SEMDeviceJjApplicationJjApplicationTemplate
2024-10-27 19:17:55,675 [INFO] Middleware:617 - instanceName : STMicroelectronics.X-CUBE-AI.9.1.0 bspName : COM Port check condition success for : !SEMDeviceJjApplicationJjApplicationTemplate
2024-10-27 19:17:55,675 [INFO] Middleware:617 - instanceName : STMicroelectronics.X-CUBE-AI.9.1.0 bspName : COM Port check condition success for : !SEMDeviceJjApplicationJjApplicationTemplate
2024-10-27 19:17:55,675 [INFO] Middleware:617 - instanceName : STMicroelectronics.X-CUBE-AI.9.1.0 bspName : COM Port check condition success for : !SEMDeviceJjApplicationJjApplicationTemplate
2024-10-27 19:17:55,675 [INFO] Middleware:617 - instanceName : STMicroelectronics.X-CUBE-AI.9.1.0 bspName : COM Port check condition success for : !SEMDeviceJjApplicationJjApplicationTemplate
2024-10-27 19:17:55,675 [INFO] Middleware:617 - instanceName : STMicroelectronics.X-CUBE-AI.9.1.0 bspName : COM Port check condition success for : !SEMDeviceJjApplicationJjApplicationTemplate
2024-10-27 19:17:55,695 [INFO] Middleware:617 - instanceName : STMicroelectronics.X-CUBE-AI.9.1.0 bspName : COM Port check condition success for : !SEMDeviceJjApplicationJjApplicationTemplate
2024-10-27 19:17:55,695 [INFO] Middleware:617 - instanceName : STMicroelectronics.X-CUBE-AI.9.1.0 bspName : COM Port check condition success for : !SEMDeviceJjApplicationJjApplicationTemplate
2024-10-27 19:17:55,695 [INFO] Middleware:617 - instanceName : STMicroelectronics.X-CUBE-AI.9.1.0 bspName : COM Port check condition success for : !SEMDeviceJjApplicationJjApplicationTemplate
2024-10-27 19:17:55,695 [INFO] Middleware:617 - instanceName : STMicroelectronics.X-CUBE-AI.9.1.0 bspName : COM Port check condition success for : !SEMDeviceJjApplicationJjApplicationTemplate
2024-10-27 19:17:55,696 [INFO] Middleware:617 - instanceName : STMicroelectronics.X-CUBE-AI.9.1.0 bspName : COM Port check condition success for : !SEMDeviceJjApplicationJjApplicationTemplate
2024-10-27 19:17:55,696 [INFO] Middleware:617 - instanceName : STMicroelectronics.X-CUBE-AI.9.1.0 bspName : COM Port check condition success for : !SEMDeviceJjApplicationJjApplicationTemplate
2024-10-27 19:17:58,278 [ERROR] N6Profiles:77 - java.io.FileNotFoundException: C:\Users\Ivan\STM32Cube\Repository\Packs\STMicroelectronics\X-CUBE-AI\9.1.0\scripts\N6_scripts\user_neuralart.json (The system cannot find the path specified)
2024-10-27 19:17:58,280 [INFO] AInterface:112 - AInterface using toolDir: C:/Users/Ivan/STM32Cube/Repository/Packs/STMicroelectronics/X-CUBE-AI/9.1.0/Utilities/windows
2024-10-27 19:17:58,304 [INFO] Middleware:617 - instanceName : STMicroelectronics.X-CUBE-AI.9.1.0 bspName : COM Port check condition success for : !SEMDeviceJjApplicationJjApplicationTemplate
2024-10-27 19:17:58,304 [INFO] Middleware:617 - instanceName : STMicroelectronics.X-CUBE-AI.9.1.0 bspName : COM Port check condition success for : !SEMDeviceJjApplicationJjApplicationTemplate
2024-10-27 19:17:58,304 [INFO] Middleware:617 - instanceName : STMicroelectronics.X-CUBE-AI.9.1.0 bspName : COM Port check condition success for : !SEMDeviceJjApplicationJjApplicationTemplate
2024-10-27 19:17:58,304 [INFO] Middleware:617 - instanceName : STMicroelectronics.X-CUBE-AI.9.1.0 bspName : COM Port check condition success for : !SEMDeviceJjApplicationJjApplicationTemplate
2024-10-27 19:17:58,304 [INFO] Middleware:617 - instanceName : STMicroelectronics.X-CUBE-AI.9.1.0 bspName : COM Port check condition success for : !SEMDeviceJjApplicationJjApplicationTemplate
2024-10-27 19:17:58,304 [INFO] Middleware:617 - instanceName : STMicroelectronics.X-CUBE-AI.9.1.0 bspName : COM Port check condition success for : !SEMDeviceJjApplicationJjApplicationTemplate
2024-10-27 19:17:58,308 [INFO] AIModelDetailledView:2350 - Analysis status: -
2024-10-27 19:17:58,308 [INFO] AIModelDetailledView:926 - Selected model: Keras
2024-10-27 19:17:58,335 [INFO] Middleware:617 - instanceName : STMicroelectronics.X-CUBE-AI.9.1.0 bspName : COM Port check condition success for : !SEMDeviceJjApplicationJjApplicationTemplate
2024-10-27 19:17:58,335 [INFO] Middleware:617 - instanceName : STMicroelectronics.X-CUBE-AI.9.1.0 bspName : COM Port check condition success for : !SEMDeviceJjApplicationJjApplicationTemplate
2024-10-27 19:17:58,335 [INFO] Middleware:617 - instanceName : STMicroelectronics.X-CUBE-AI.9.1.0 bspName : COM Port check condition success for : !SEMDeviceJjApplicationJjApplicationTemplate
2024-10-27 19:17:58,335 [INFO] Middleware:617 - instanceName : STMicroelectronics.X-CUBE-AI.9.1.0 bspName : COM Port check condition success for : !SEMDeviceJjApplicationJjApplicationTemplate
2024-10-27 19:17:58,335 [INFO] Middleware:617 - instanceName : STMicroelectronics.X-CUBE-AI.9.1.0 bspName : COM Port check condition success for : !SEMDeviceJjApplicationJjApplicationTemplate
2024-10-27 19:17:58,335 [INFO] Middleware:617 - instanceName : STMicroelectronics.X-CUBE-AI.9.1.0 bspName : COM Port check condition success for : !SEMDeviceJjApplicationJjApplicationTemplate
2024-10-27 19:17:58,356 [INFO] Middleware:617 - instanceName : STMicroelectronics.X-CUBE-AI.9.1.0 bspName : COM Port check condition success for : !SEMDeviceJjApplicationJjApplicationTemplate
2024-10-27 19:17:58,356 [INFO] Middleware:617 - instanceName : STMicroelectronics.X-CUBE-AI.9.1.0 bspName : COM Port check condition success for : !SEMDeviceJjApplicationJjApplicationTemplate
2024-10-27 19:17:58,356 [INFO] Middleware:617 - instanceName : STMicroelectronics.X-CUBE-AI.9.1.0 bspName : COM Port check condition success for : !SEMDeviceJjApplicationJjApplicationTemplate
2024-10-27 19:17:58,356 [INFO] Middleware:617 - instanceName : STMicroelectronics.X-CUBE-AI.9.1.0 bspName : COM Port check condition success for : !SEMDeviceJjApplicationJjApplicationTemplate
2024-10-27 19:17:58,356 [INFO] Middleware:617 - instanceName : STMicroelectronics.X-CUBE-AI.9.1.0 bspName : COM Port check condition success for : !SEMDeviceJjApplicationJjApplicationTemplate
2024-10-27 19:17:58,356 [INFO] Middleware:617 - instanceName : STMicroelectronics.X-CUBE-AI.9.1.0 bspName : COM Port check condition success for : !SEMDeviceJjApplicationJjApplicationTemplate
2024-10-27 19:17:58,376 [INFO] Middleware:617 - instanceName : STMicroelectronics.X-CUBE-AI.9.1.0 bspName : COM Port check condition success for : !SEMDeviceJjApplicationJjApplicationTemplate
2024-10-27 19:17:58,376 [INFO] Middleware:617 - instanceName : STMicroelectronics.X-CUBE-AI.9.1.0 bspName : COM Port check condition success for : !SEMDeviceJjApplicationJjApplicationTemplate
2024-10-27 19:17:58,376 [INFO] Middleware:617 - instanceName : STMicroelectronics.X-CUBE-AI.9.1.0 bspName : COM Port check condition success for : !SEMDeviceJjApplicationJjApplicationTemplate
2024-10-27 19:17:58,376 [INFO] Middleware:617 - instanceName : STMicroelectronics.X-CUBE-AI.9.1.0 bspName : COM Port check condition success for : !SEMDeviceJjApplicationJjApplicationTemplate
2024-10-27 19:17:58,376 [INFO] Middleware:617 - instanceName : STMicroelectronics.X-CUBE-AI.9.1.0 bspName : COM Port check condition success for : !SEMDeviceJjApplicationJjApplicationTemplate
2024-10-27 19:17:58,376 [INFO] Middleware:617 - instanceName : STMicroelectronics.X-CUBE-AI.9.1.0 bspName : COM Port check condition success for : !SEMDeviceJjApplicationJjApplicationTemplate
2024-10-27 19:17:58,395 [INFO] Middleware:617 - instanceName : STMicroelectronics.X-CUBE-AI.9.1.0 bspName : COM Port check condition success for : !SEMDeviceJjApplicationJjApplicationTemplate
2024-10-27 19:17:58,395 [INFO] Middleware:617 - instanceName : STMicroelectronics.X-CUBE-AI.9.1.0 bspName : COM Port check condition success for : !SEMDeviceJjApplicationJjApplicationTemplate
2024-10-27 19:17:58,395 [INFO] Middleware:617 - instanceName : STMicroelectronics.X-CUBE-AI.9.1.0 bspName : COM Port check condition success for : !SEMDeviceJjApplicationJjApplicationTemplate
2024-10-27 19:17:58,395 [INFO] Middleware:617 - instanceName : STMicroelectronics.X-CUBE-AI.9.1.0 bspName : COM Port check condition success for : !SEMDeviceJjApplicationJjApplicationTemplate
2024-10-27 19:17:58,395 [INFO] Middleware:617 - instanceName : STMicroelectronics.X-CUBE-AI.9.1.0 bspName : COM Port check condition success for : !SEMDeviceJjApplicationJjApplicationTemplate
2024-10-27 19:17:58,395 [INFO] Middleware:617 - instanceName : STMicroelectronics.X-CUBE-AI.9.1.0 bspName : COM Port check condition success for : !SEMDeviceJjApplicationJjApplicationTemplate
2024-10-27 19:17:58,415 [INFO] Middleware:617 - instanceName : STMicroelectronics.X-CUBE-AI.9.1.0 bspName : COM Port check condition success for : !SEMDeviceJjApplicationJjApplicationTemplate
2024-10-27 19:17:58,415 [INFO] Middleware:617 - instanceName : STMicroelectronics.X-CUBE-AI.9.1.0 bspName : COM Port check condition success for : !SEMDeviceJjApplicationJjApplicationTemplate
2024-10-27 19:17:58,415 [INFO] Middleware:617 - instanceName : STMicroelectronics.X-CUBE-AI.9.1.0 bspName : COM Port check condition success for : !SEMDeviceJjApplicationJjApplicationTemplate
2024-10-27 19:17:58,415 [INFO] Middleware:617 - instanceName : STMicroelectronics.X-CUBE-AI.9.1.0 bspName : COM Port check condition success for : !SEMDeviceJjApplicationJjApplicationTemplate
2024-10-27 19:17:58,415 [INFO] Middleware:617 - instanceName : STMicroelectronics.X-CUBE-AI.9.1.0 bspName : COM Port check condition success for : !SEMDeviceJjApplicationJjApplicationTemplate
2024-10-27 19:17:58,415 [INFO] Middleware:617 - instanceName : STMicroelectronics.X-CUBE-AI.9.1.0 bspName : COM Port check condition success for : !SEMDeviceJjApplicationJjApplicationTemplate
2024-10-27 19:56:41,209 [ERROR] LogOutputStream:75 - [STDERR_REDIRECT] 
2024-10-27 19:56:57,241 [INFO] Activator:176 - 


2024-10-27 19:56:57,242 [INFO] Activator:177 - !SESSION log4j initialized
2024-10-27 19:57:01,014 [INFO] LogOutputStream:77 - [STDOUT_REDIRECT] 
2024-10-27 19:57:09,353 [INFO] ApplicationProperties:184 - Using Application install path: C:\ST\STM32CubeIDE_1.14.1\STM32CubeIDE\plugins\com.st.stm32cube.common.mx_6.10.0.202311202037
2024-10-27 19:57:09,369 [INFO] DbMcusXml:78 - Set database path to: C:\ST\STM32CubeIDE_1.14.1\STM32CubeIDE\plugins\com.st.stm32cube.common.mx_6.10.0.202311202037\\db\/mcu/
2024-10-27 19:57:09,370 [INFO] ApiDb:274 - Set plugin database path to: C:\ST\STM32CubeIDE_1.14.1\STM32CubeIDE\plugins\com.st.stm32cube.common.mx_6.10.0.202311202037\\db\/plugins/boardmanager/
2024-10-27 19:57:09,370 [WARN] ApiDb:259 - Overriding images path with different value:  => C:\ST\STM32CubeIDE_1.14.1\STM32CubeIDE\plugins\com.st.stm32cube.common.mx_6.10.0.202311202037\\db\/plugins/mcufinder/images/
2024-10-27 19:57:09,377 [INFO] ApiDb:250 - Set database path to: C:\Users\Ivan\.stmcufinder\plugins\mcufinder//mcu/
2024-10-27 19:57:09,379 [INFO] DbMcusAds:125 - Set database path to: C:\Users\Ivan\.stmcufinder\plugins\mcufinder//mcu/
2024-10-27 19:57:09,380 [INFO] CrossReferenceDbSqlite:203 - Set database path to: C:\Users\Ivan\.stmcufinder\plugins\mcufinder//mcu/cs/
2024-10-27 19:57:09,469 [INFO] RulesReader:64 - Compatibility file has been processed (297 Rules)
2024-10-27 19:57:09,531 [INFO] DbMcusXml:78 - Set database path to: C:\ST\STM32CubeIDE_1.14.1\STM32CubeIDE\plugins\com.st.stm32cube.common.mx_6.10.0.202311202037\\db\/mcu/
2024-10-27 19:57:09,531 [INFO] ApiDb:274 - Set plugin database path to: C:\ST\STM32CubeIDE_1.14.1\STM32CubeIDE\plugins\com.st.stm32cube.common.mx_6.10.0.202311202037\\db\/plugins/boardmanager/
2024-10-27 19:57:09,531 [INFO] ApiDb:261 - Set plugin images path to: C:\ST\STM32CubeIDE_1.14.1\STM32CubeIDE\plugins\com.st.stm32cube.common.mx_6.10.0.202311202037\\db\/plugins/mcufinder/images/
2024-10-27 19:57:09,531 [WARN] DbFile:41 - Overriding database path with different value: C:\Users\Ivan\.stmcufinder\plugins\mcufinder/ => C:\Users\Ivan\.stmcufinder\plugins\mcufinder
2024-10-27 19:57:09,532 [INFO] ApiDb:250 - Set database path to: C:\Users\Ivan\.stmcufinder\plugins\mcufinder//mcu/
2024-10-27 19:57:09,532 [WARN] DbFile:41 - Overriding database path with different value: C:\Users\Ivan\.stmcufinder\plugins\mcufinder/ => C:\Users\Ivan\.stmcufinder\plugins\mcufinder
2024-10-27 19:57:09,532 [INFO] DbMcusAds:125 - Set database path to: C:\Users\Ivan\.stmcufinder\plugins\mcufinder//mcu/
2024-10-27 19:57:09,532 [WARN] DbFile:41 - Overriding database path with different value: C:\Users\Ivan\.stmcufinder\plugins\mcufinder/ => C:\Users\Ivan\.stmcufinder\plugins\mcufinder
2024-10-27 19:57:09,532 [WARN] DbFile:41 - Overriding database path with different value: C:\Users\Ivan\.stmcufinder\plugins\mcufinder/ => C:\Users\Ivan\.stmcufinder\plugins\mcufinder
2024-10-27 19:57:09,532 [INFO] CrossReferenceDbSqlite:203 - Set database path to: C:\Users\Ivan\.stmcufinder\plugins\mcufinder//mcu/cs/
2024-10-27 19:57:09,590 [INFO] MainPanel:264 - HeapMemory: 268435456
2024-10-27 19:57:09,672 [INFO] DbMcusXml:78 - Set database path to: C:\ST\STM32CubeIDE_1.14.1\STM32CubeIDE\plugins\com.st.stm32cube.common.mx_6.10.0.202311202037\\db\/mcu/
2024-10-27 19:57:09,672 [INFO] ApiDb:274 - Set plugin database path to: C:\ST\STM32CubeIDE_1.14.1\STM32CubeIDE\plugins\com.st.stm32cube.common.mx_6.10.0.202311202037\\db\/plugins/boardmanager/
2024-10-27 19:57:09,672 [INFO] ApiDb:261 - Set plugin images path to: C:\ST\STM32CubeIDE_1.14.1\STM32CubeIDE\plugins\com.st.stm32cube.common.mx_6.10.0.202311202037\\db\/plugins/mcufinder/images/
2024-10-27 19:57:09,672 [WARN] DbFile:41 - Overriding database path with different value: C:\Users\Ivan\.stmcufinder\plugins\mcufinder/ => C:\Users\Ivan\.stmcufinder\plugins\mcufinder
2024-10-27 19:57:09,672 [INFO] ApiDb:250 - Set database path to: C:\Users\Ivan\.stmcufinder\plugins\mcufinder//mcu/
2024-10-27 19:57:09,672 [WARN] DbFile:41 - Overriding database path with different value: C:\Users\Ivan\.stmcufinder\plugins\mcufinder/ => C:\Users\Ivan\.stmcufinder\plugins\mcufinder
2024-10-27 19:57:09,672 [INFO] DbMcusAds:125 - Set database path to: C:\Users\Ivan\.stmcufinder\plugins\mcufinder//mcu/
2024-10-27 19:57:09,672 [WARN] DbFile:41 - Overriding database path with different value: C:\Users\Ivan\.stmcufinder\plugins\mcufinder/ => C:\Users\Ivan\.stmcufinder\plugins\mcufinder
2024-10-27 19:57:09,672 [WARN] DbFile:41 - Overriding database path with different value: C:\Users\Ivan\.stmcufinder\plugins\mcufinder/ => C:\Users\Ivan\.stmcufinder\plugins\mcufinder
2024-10-27 19:57:09,672 [INFO] CrossReferenceDbSqlite:203 - Set database path to: C:\Users\Ivan\.stmcufinder\plugins\mcufinder//mcu/cs/
2024-10-27 19:57:09,689 [INFO] ApplicationProperties:184 - Using Application install path: C:\ST\STM32CubeIDE_1.14.1\STM32CubeIDE\plugins\com.st.stm32cube.common.mx_6.10.0.202311202037
2024-10-27 19:57:09,690 [INFO] PluginManage:196 - Search for loadable plugins [exclusion list=, ]
2024-10-27 19:57:09,691 [INFO] PluginManage:310 - Check plugin analytics
2024-10-27 19:57:09,801 [INFO] AnalyticsPlugin:253 - Accepted Software Licenses: STM32CubeMX.6.10.0,STM32CubeMX.6.12.0
2024-10-27 19:57:09,801 [INFO] AnalyticsPlugin:255 - Accepted CMSIS Pack Licenses: STMicroelectronics.X-CUBE-MEMS1.10.0.0,STMicroelectronics.X-CUBE-MEMS1.9.6.0,STMicroelectronics.X-CUBE-MEMS1.9.3.0,STMicroelectronics.X-CUBE-AI.9.1.0
2024-10-27 19:57:09,801 [INFO] AnalyticsPlugin:257 - Accepted Firmware Licenses: FW.F4.1.28.0,FW.L4.1.18.0
2024-10-27 19:57:09,803 [INFO] PluginManage:359 - Loaded plugin analytics (category:tool,tabindex:-1)
2024-10-27 19:57:09,803 [INFO] PluginManage:310 - Check plugin cadmodel
2024-10-27 19:57:09,807 [INFO] CADModel:105 - Init CAD model plugin
2024-10-27 19:57:09,807 [INFO] PluginManage:359 - Loaded plugin cadmodel (category:power,tabindex:5)
2024-10-27 19:57:09,807 [INFO] PluginManage:310 - Check plugin clock
2024-10-27 19:57:09,815 [INFO] PluginManage:359 - Loaded plugin clock (category:base,tabindex:2)
2024-10-27 19:57:09,815 [INFO] PluginManage:310 - Check plugin ddr
2024-10-27 19:57:09,817 [INFO] PluginManage:359 - Loaded plugin ddr (category:tool,tabindex:6)
2024-10-27 19:57:09,818 [INFO] PluginManage:310 - Check plugin filemanager
2024-10-27 19:57:09,920 [INFO] PluginManage:359 - Loaded plugin filemanager (category:base,tabindex:10)
2024-10-27 19:57:09,920 [INFO] PluginManage:310 - Check plugin ipmanager
2024-10-27 19:57:09,927 [INFO] PluginManage:359 - Loaded plugin ipmanager (category:base,tabindex:5)
2024-10-27 19:57:09,927 [INFO] PluginManage:310 - Check plugin lpbam
2024-10-27 19:57:09,933 [INFO] PluginManage:359 - Loaded plugin lpbam (category:base,tabindex:0)
2024-10-27 19:57:09,933 [INFO] PluginManage:310 - Check plugin memorymap
2024-10-27 19:57:09,944 [INFO] PluginManage:359 - Loaded plugin memorymap (category:base,tabindex:4)
2024-10-27 19:57:09,944 [INFO] PluginManage:310 - Check plugin pinoutandconfiguration
2024-10-27 19:57:09,949 [INFO] PluginManage:359 - Loaded plugin pinoutandconfiguration (category:base,tabindex:1)
2024-10-27 19:57:09,949 [INFO] PluginManage:310 - Check plugin pinoutconfig
2024-10-27 19:57:10,015 [WARN] SupportedApi:132 - Cannot load RTOS API schema: s4s-elt-must-match.1: The content of 'definitions' must match (annotation?, (simpleType | complexType)?, (unique | key | keyref)*)). A problem was found starting at: attribute.
2024-10-27 19:57:10,124 [INFO] PluginManage:359 - Loaded plugin pinoutconfig (category:base,tabindex:0)
2024-10-27 19:57:10,124 [INFO] PluginManage:310 - Check plugin power
2024-10-27 19:57:10,133 [INFO] PluginManage:359 - Loaded plugin power (category:power,tabindex:4)
2024-10-27 19:57:10,133 [INFO] PluginManage:310 - Check plugin projectmanager
2024-10-27 19:57:10,145 [INFO] PluginManage:359 - Loaded plugin projectmanager (category:projectmanager,tabindex:3)
2024-10-27 19:57:10,145 [INFO] PluginManage:310 - Check plugin thirdparty
2024-10-27 19:57:10,252 [INFO] PluginManage:359 - Loaded plugin thirdparty (category:base,tabindex:-1)
2024-10-27 19:57:10,252 [WARN] IntegrityCheckThread:84 - waiting for thirdparty lock release [integrity check]
2024-10-27 19:57:10,253 [INFO] PluginManage:310 - Check plugin tools
2024-10-27 19:57:10,253 [INFO] IntegrityCheckThread:86 - entering critical section [integrity check]
2024-10-27 19:57:10,253 [INFO] ThirdPartyUpdaterWithRetryManager:70 - Updater plugin not ready yet. [1/15]
2024-10-27 19:57:10,255 [INFO] PluginManage:359 - Loaded plugin tools (category:base,tabindex:7)
2024-10-27 19:57:10,255 [INFO] PluginManage:310 - Check plugin tutovideos
2024-10-27 19:57:10,395 [INFO] PluginManage:359 - Loaded plugin tutovideos (category:base,tabindex:-1)
2024-10-27 19:57:10,395 [INFO] PluginManage:310 - Check plugin updater
2024-10-27 19:57:10,402 [INFO] PluginManage:359 - Loaded plugin updater (category:base,tabindex:12)
2024-10-27 19:57:10,404 [INFO] PluginManage:310 - Check plugin userauth
2024-10-27 19:57:10,408 [INFO] UserAuth:114 - Init User Auth plugin
2024-10-27 19:57:10,409 [INFO] PluginManage:359 - Loaded plugin userauth (category:base,tabindex:14)
2024-10-27 19:57:10,409 [INFO] PluginManage:283 - PluginManage : Loaded plugins [17]
2024-10-27 19:57:10,570 [INFO] PinOutPanel:1499 - setPackage(No Configuration,No Configuration)
2024-10-27 19:57:10,622 [INFO] CADModel:165 - CPN selected for project level
2024-10-27 19:57:10,622 [INFO] CADModel:114 - Register for checkConnection events
2024-10-27 19:57:10,636 [INFO] IPUIPlugin:80 - create IPUIPlugin
2024-10-27 19:57:10,636 [INFO] PluginManager:220 - loadIPPluginJar : add adc
2024-10-27 19:57:10,638 [INFO] IPUIPlugin:80 - create IPUIPlugin
2024-10-27 19:57:10,638 [INFO] PluginManager:220 - loadIPPluginJar : add aes
2024-10-27 19:57:10,640 [INFO] IPUIPlugin:80 - create IPUIPlugin
2024-10-27 19:57:10,640 [INFO] PluginManager:220 - loadIPPluginJar : add can
2024-10-27 19:57:10,642 [INFO] IPUIPlugin:80 - create IPUIPlugin
2024-10-27 19:57:10,642 [INFO] PluginManager:220 - loadIPPluginJar : add comp
2024-10-27 19:57:10,644 [INFO] IPUIPlugin:80 - create IPUIPlugin
2024-10-27 19:57:10,644 [INFO] PluginManager:220 - loadIPPluginJar : add cryp
2024-10-27 19:57:10,647 [INFO] IPUIPlugin:80 - create IPUIPlugin
2024-10-27 19:57:10,647 [INFO] PluginManager:220 - loadIPPluginJar : add dfsdm
2024-10-27 19:57:10,651 [INFO] IPUIPlugin:80 - create IPUIPlugin
2024-10-27 19:57:10,651 [INFO] PluginManager:220 - loadIPPluginJar : add dma
2024-10-27 19:57:10,653 [INFO] IPUIPlugin:80 - create IPUIPlugin
2024-10-27 19:57:10,653 [INFO] PluginManager:220 - loadIPPluginJar : add dma3
2024-10-27 19:57:10,654 [INFO] IPUIPlugin:80 - create IPUIPlugin
2024-10-27 19:57:10,655 [INFO] PluginManager:220 - loadIPPluginJar : add fatfs
2024-10-27 19:57:10,657 [INFO] IPUIPlugin:80 - create IPUIPlugin
2024-10-27 19:57:10,657 [INFO] PluginManager:220 - loadIPPluginJar : add fmc
2024-10-27 19:57:10,660 [INFO] IPUIPlugin:80 - create IPUIPlugin
2024-10-27 19:57:10,661 [INFO] PluginManager:220 - loadIPPluginJar : add freertos
2024-10-27 19:57:10,662 [INFO] IPUIPlugin:80 - create IPUIPlugin
2024-10-27 19:57:10,662 [INFO] PluginManager:220 - loadIPPluginJar : add genericplugin
2024-10-27 19:57:10,664 [INFO] IPUIPlugin:80 - create IPUIPlugin
2024-10-27 19:57:10,664 [INFO] PluginManager:220 - loadIPPluginJar : add gfxmmu
2024-10-27 19:57:10,668 [INFO] IPUIPlugin:80 - create IPUIPlugin
2024-10-27 19:57:10,668 [INFO] PluginManager:220 - loadIPPluginJar : add gic
2024-10-27 19:57:10,671 [INFO] IPUIPlugin:80 - create IPUIPlugin
2024-10-27 19:57:10,671 [INFO] PluginManager:220 - loadIPPluginJar : add gpio
2024-10-27 19:57:10,673 [INFO] IPUIPlugin:80 - create IPUIPlugin
2024-10-27 19:57:10,673 [INFO] PluginManager:220 - loadIPPluginJar : add gtzc
2024-10-27 19:57:10,675 [INFO] IPUIPlugin:80 - create IPUIPlugin
2024-10-27 19:57:10,675 [INFO] PluginManager:220 - loadIPPluginJar : add hash
2024-10-27 19:57:10,678 [INFO] IPUIPlugin:80 - create IPUIPlugin
2024-10-27 19:57:10,678 [INFO] PluginManager:220 - loadIPPluginJar : add i2c
2024-10-27 19:57:10,680 [INFO] IPUIPlugin:80 - create IPUIPlugin
2024-10-27 19:57:10,680 [INFO] PluginManager:220 - loadIPPluginJar : add i2s
2024-10-27 19:57:10,682 [INFO] IPUIPlugin:80 - create IPUIPlugin
2024-10-27 19:57:10,682 [INFO] PluginManager:220 - loadIPPluginJar : add i3c
2024-10-27 19:57:10,686 [INFO] IPUIPlugin:80 - create IPUIPlugin
2024-10-27 19:57:10,686 [INFO] PluginManager:220 - loadIPPluginJar : add ipddr
2024-10-27 19:57:10,692 [INFO] IPUIPlugin:80 - create IPUIPlugin
2024-10-27 19:57:10,692 [INFO] PluginManager:220 - loadIPPluginJar : add linkedlist
2024-10-27 19:57:10,694 [INFO] IPUIPlugin:80 - create IPUIPlugin
2024-10-27 19:57:10,694 [INFO] PluginManager:220 - loadIPPluginJar : add lorawan
2024-10-27 19:57:10,695 [INFO] IPUIPlugin:80 - create IPUIPlugin
2024-10-27 19:57:10,695 [INFO] PluginManager:220 - loadIPPluginJar : add ltdc
2024-10-27 19:57:10,700 [INFO] IPUIPlugin:80 - create IPUIPlugin
2024-10-27 19:57:10,700 [INFO] PluginManager:220 - loadIPPluginJar : add mdma
2024-10-27 19:57:10,702 [INFO] IPUIPlugin:80 - create IPUIPlugin
2024-10-27 19:57:10,702 [INFO] PluginManager:220 - loadIPPluginJar : add nvic
2024-10-27 19:57:10,704 [INFO] IPUIPlugin:80 - create IPUIPlugin
2024-10-27 19:57:10,704 [INFO] PluginManager:220 - loadIPPluginJar : add opamp
2024-10-27 19:57:10,706 [INFO] IPUIPlugin:80 - create IPUIPlugin
2024-10-27 19:57:10,706 [INFO] PluginManager:220 - loadIPPluginJar : add openamp
2024-10-27 19:57:10,708 [INFO] IPUIPlugin:80 - create IPUIPlugin
2024-10-27 19:57:10,708 [INFO] PluginManager:220 - loadIPPluginJar : add pdm2pcm
2024-10-27 19:57:10,713 [INFO] IPUIPlugin:80 - create IPUIPlugin
2024-10-27 19:57:10,715 [INFO] PluginManager:220 - loadIPPluginJar : add plateformsettings
2024-10-27 19:57:10,716 [INFO] IPUIPlugin:80 - create IPUIPlugin
2024-10-27 19:57:10,717 [INFO] PluginManager:220 - loadIPPluginJar : add quadspi
2024-10-27 19:57:10,719 [INFO] IPUIPlugin:80 - create IPUIPlugin
2024-10-27 19:57:10,719 [INFO] PluginManager:220 - loadIPPluginJar : add resmgrutility
2024-10-27 19:57:10,721 [INFO] IPUIPlugin:80 - create IPUIPlugin
2024-10-27 19:57:10,721 [INFO] PluginManager:220 - loadIPPluginJar : add sai
2024-10-27 19:57:10,723 [INFO] IPUIPlugin:80 - create IPUIPlugin
2024-10-27 19:57:10,723 [INFO] PluginManager:220 - loadIPPluginJar : add spi
2024-10-27 19:57:10,727 [INFO] IPUIPlugin:80 - create IPUIPlugin
2024-10-27 19:57:10,727 [INFO] PluginManager:220 - loadIPPluginJar : add stm32_wpan
2024-10-27 19:57:10,729 [INFO] IPUIPlugin:80 - create IPUIPlugin
2024-10-27 19:57:10,729 [INFO] PluginManager:220 - loadIPPluginJar : add tim
2024-10-27 19:57:10,732 [INFO] IPUIPlugin:80 - create IPUIPlugin
2024-10-27 19:57:10,732 [INFO] PluginManager:220 - loadIPPluginJar : add touchsensing
2024-10-27 19:57:10,733 [INFO] IPUIPlugin:80 - create IPUIPlugin
2024-10-27 19:57:10,733 [INFO] PluginManager:220 - loadIPPluginJar : add tracer_emb
2024-10-27 19:57:10,735 [INFO] IPUIPlugin:80 - create IPUIPlugin
2024-10-27 19:57:10,735 [INFO] PluginManager:220 - loadIPPluginJar : add ts
2024-10-27 19:57:10,737 [INFO] IPUIPlugin:80 - create IPUIPlugin
2024-10-27 19:57:10,737 [INFO] PluginManager:220 - loadIPPluginJar : add tsc
2024-10-27 19:57:10,738 [INFO] IPUIPlugin:80 - create IPUIPlugin
2024-10-27 19:57:10,739 [INFO] PluginManager:220 - loadIPPluginJar : add ucpd
2024-10-27 19:57:10,741 [INFO] IPUIPlugin:80 - create IPUIPlugin
2024-10-27 19:57:10,741 [INFO] PluginManager:220 - loadIPPluginJar : add usart
2024-10-27 19:57:10,743 [INFO] IPUIPlugin:80 - create IPUIPlugin
2024-10-27 19:57:10,743 [INFO] PluginManager:220 - loadIPPluginJar : add usbx
2024-10-27 19:57:10,855 [INFO] CADModel:165 - CPN selected for project level
2024-10-27 19:57:10,856 [INFO] CADModel:114 - Register for checkConnection events
2024-10-27 19:57:10,857 [FATAL] Updater:308 - Updater called before beeing initialized
2024-10-27 19:57:10,857 [ERROR] CADModel:125 - Updater not yet initialized, retry later 
2024-10-27 19:57:10,955 [INFO] CADModel:165 - CPN selected for project level
2024-10-27 19:57:10,955 [INFO] CADModel:114 - Register for checkConnection events
2024-10-27 19:57:10,955 [FATAL] Updater:308 - Updater called before beeing initialized
2024-10-27 19:57:10,955 [ERROR] CADModel:125 - Updater not yet initialized, retry later 
2024-10-27 19:57:10,957 [FATAL] Updater:308 - Updater called before beeing initialized
2024-10-27 19:57:11,037 [FATAL] Updater:308 - Updater called before beeing initialized
2024-10-27 19:57:11,041 [INFO] DbMcusAds:53 - JSON generation date=Fri Sep 20 15:04:23 CEST 2024 (1726837463113)
2024-10-27 19:57:11,041 [FATAL] Updater:308 - Updater called before beeing initialized
2024-10-27 19:57:11,076 [WARN] DetailPanel:346 - Failed to get advertising image, set to default
2024-10-27 19:57:11,151 [FATAL] Updater:308 - Updater called before beeing initialized
2024-10-27 19:57:11,153 [FATAL] Updater:308 - Updater called before beeing initialized
2024-10-27 19:57:11,153 [FATAL] Updater:308 - Updater called before beeing initialized
2024-10-27 19:57:11,153 [WARN] DetailPanel:346 - Failed to get advertising image, set to default
2024-10-27 19:57:11,153 [FATAL] Updater:308 - Updater called before beeing initialized
2024-10-27 19:57:11,188 [ERROR] Updater:1120 - MainUpdater not yet initialized. External WinMGr cannot be set.
2024-10-27 19:57:11,190 [INFO] Updater:1056 - Updater Version found : 6.10.0
2024-10-27 19:57:11,203 [INFO] ApplicationProperties:184 - Using Application install path: C:\ST\STM32CubeIDE_1.14.1\STM32CubeIDE\plugins\com.st.stm32cube.common.mx_6.10.0.202311202037
2024-10-27 19:57:11,453 [INFO] MainUpdater:2873 - connection check result : 10
2024-10-27 19:57:11,453 [INFO] MainUpdater:290 - Updater Check For Update Now.
2024-10-27 19:57:11,453 [INFO] MicroXplorer:498 - Change Database Version : DB.6.0.100
2024-10-27 19:57:11,458 [INFO] McuFinderGlobals:63 - Set McuFinder mode to 2 (CubeIDE integrated)
2024-10-27 19:57:11,631 [INFO] CheckServerUpdateThread:120 - End of CheckServer Thread
2024-10-27 19:57:11,657 [INFO] UserAuth:404 - Internet connection configuration mode: 1
2024-10-27 19:57:11,669 [INFO] JxBrowserEngine:152 - Initiate JxBrowser Engine with user profile folder
2024-10-27 19:57:12,358 [INFO] WebApp:161 - Instantiating new browser for Auth
2024-10-27 19:57:12,866 [INFO] WebApp:780 - Register for checkConnection events
2024-10-27 19:57:12,866 [INFO] WebApp:414 - Apply proxy settings
2024-10-27 19:57:12,866 [INFO] WebApp:499 - Chromium requires no authentication
2024-10-27 19:57:12,872 [INFO] WebApp:442 - Direct internet connection detected
2024-10-27 19:57:12,999 [INFO] WebApp:192 - Starting web application
2024-10-27 19:57:12,999 [INFO] WebApp:544 - Web application path used C:\ST\STM32CubeIDE_1.14.1\STM32CubeIDE\plugins\com.st.stm32cube.common.mx_6.10.0.202311202037\db\plugins\mcufinder\reactClient1\index.html
2024-10-27 19:57:13,444 [WARN] PackLoader:240 - Cannot read IP mode file for STMicroelectronics.FP-SNS-MOTENVWB1.1.4.0
2024-10-27 19:57:13,455 [WARN] PackLoader:240 - Cannot read IP mode file for STMicroelectronics.X-CUBE-SMBUS.2.1.0
2024-10-27 19:57:13,465 [WARN] PackLoader:240 - Cannot read IP mode file for STMicroelectronics.X-CUBE-WB05N.1.1.0
2024-10-27 19:57:13,470 [WARN] PackLoader:240 - Cannot read IP mode file for STMicroelectronics.X-CUBE-TOUCHGFX.4.23.0
2024-10-27 19:57:13,474 [WARN] PackLoader:240 - Cannot read IP mode file for STMicroelectronics.X-CUBE-TOUCHGFX.4.23.2
2024-10-27 19:57:13,499 [WARN] PackLoader:240 - Cannot read IP mode file for STMicroelectronics.X-CUBE-AZRTOS-F7.1.1.0
2024-10-27 19:57:13,511 [WARN] PackLoader:240 - Cannot read IP mode file for STMicroelectronics.FP-SNS-MOTENV1.4.3.2
2024-10-27 19:57:13,566 [WARN] PackLoader:240 - Cannot read IP mode file for STMicroelectronics.X-CUBE-MEMS1.11.0.0
2024-10-27 19:57:13,769 [WARN] PackLoader:240 - Cannot read IP mode file for STMicroelectronics.FP-SNS-FLIGHT1.5.0.2
2024-10-27 19:57:13,775 [WARN] PackLoader:240 - Cannot read IP mode file for STMicroelectronics.X-CUBE-DISPLAY.3.0.0
2024-10-27 19:57:13,784 [WARN] PackLoader:240 - Cannot read IP mode file for STMicroelectronics.X-CUBE-BLE1.7.0.0
2024-10-27 19:57:13,789 [WARN] PackLoader:240 - Cannot read IP mode file for STMicroelectronics.X-CUBE-NFC10.1.0.0
2024-10-27 19:57:13,797 [WARN] PackLoader:240 - Cannot read IP mode file for emotas.I-CUBE-CANOPEN.1.3.0
2024-10-27 19:57:13,832 [WARN] PackLoader:240 - Cannot read IP mode file for STMicroelectronics.X-CUBE-MEMS1.9.3.0
2024-10-27 19:57:14,085 [WARN] PackLoader:240 - Cannot read IP mode file for STMicroelectronics.X-CUBE-BLEMGR.3.1.0
2024-10-27 19:57:14,092 [WARN] PackLoader:240 - Cannot read IP mode file for STMicroelectronics.FP-SNS-SMARTAG2.1.2.0
2024-10-27 19:57:14,100 [INFO] LogOutputStream:77 - [STDOUT_REDIRECT] 1 : Invalid condition id : UX_CORESTACK_Condition cause : null
2024-10-27 19:57:14,101 [INFO] LogOutputStream:77 - [STDOUT_REDIRECT] 1 : Invalid condition id : UX_CORESTACK_Condition cause : null
2024-10-27 19:57:14,102 [INFO] LogOutputStream:77 - [STDOUT_REDIRECT] 1 : Invalid condition id : UX_CORESTACK_Condition cause : null
2024-10-27 19:57:14,103 [INFO] LogOutputStream:77 - [STDOUT_REDIRECT] 1 : Invalid condition id : UX_CORESTACK_Condition cause : null
2024-10-27 19:57:14,103 [INFO] LogOutputStream:77 - [STDOUT_REDIRECT] 1 : Invalid condition id : UX_CORESTACK_Condition cause : null
2024-10-27 19:57:14,107 [WARN] PackLoader:240 - Cannot read IP mode file for STMicroelectronics.X-CUBE-AZRTOS-WL.2.0.0
2024-10-27 19:57:14,111 [WARN] PackLoader:240 - Cannot read IP mode file for STMicroelectronics.FP-SNS-MOTENV1.5.0.0
2024-10-27 19:57:14,116 [WARN] PackLoader:240 - Cannot read IP mode file for wolfSSL.I-CUBE-wolfMQTT.1.19.0
2024-10-27 19:57:14,120 [WARN] PackLoader:240 - Cannot read IP mode file for WES.I-CUBE-Cesium.1.3.0
2024-10-27 19:57:14,124 [WARN] PackLoader:240 - Cannot read IP mode file for STMicroelectronics.X-CUBE-BLE2.3.3.0
2024-10-27 19:57:14,130 [WARN] PackLoader:240 - Cannot read IP mode file for STMicroelectronics.X-CUBE-NFC9.1.0.0
2024-10-27 19:57:14,134 [WARN] PackLoader:240 - Cannot read IP mode file for STMicroelectronics.X-CUBE-TCPP.4.1.0
2024-10-27 19:57:14,139 [WARN] PackLoader:240 - Cannot read IP mode file for STMicroelectronics.X-CUBE-ALGOBUILD.1.3.0
2024-10-27 19:57:14,154 [WARN] PackLoader:240 - Cannot read IP mode file for STMicroelectronics.X-CUBE-AZRTOS-G0.1.1.0
2024-10-27 19:57:14,161 [WARN] PackLoader:240 - Cannot read IP mode file for STMicroelectronics.X-CUBE-SAFEA1.1.2.2
2024-10-27 19:57:14,166 [WARN] PackLoader:240 - Cannot read IP mode file for STMicroelectronics.X-CUBE-NFC4.3.0.0
2024-10-27 19:57:14,175 [WARN] PackLoader:240 - Cannot read IP mode file for EmbeddedOffice.I-CUBE-FS-RTOS.1.0.1
2024-10-27 19:57:14,175 [ERROR] ConditionMgr:805 - Attr not supported : Dmpu
2024-10-27 19:57:14,176 [ERROR] ConditionMgr:805 - Attr not supported : Dmpu
2024-10-27 19:57:14,176 [ERROR] ConditionMgr:805 - Attr not supported : Dmpu
2024-10-27 19:57:14,176 [ERROR] ConditionMgr:805 - Attr not supported : Dmpu
2024-10-27 19:57:14,176 [ERROR] ConditionMgr:805 - Attr not supported : Dmpu
2024-10-27 19:57:14,176 [ERROR] ConditionMgr:805 - Attr not supported : Dmpu
2024-10-27 19:57:14,176 [ERROR] ConditionMgr:805 - Attr not supported : Dmpu
2024-10-27 19:57:14,176 [ERROR] ConditionMgr:805 - Attr not supported : Dmpu
2024-10-27 19:57:14,176 [ERROR] ConditionMgr:805 - Attr not supported : Dmpu
2024-10-27 19:57:14,176 [ERROR] ConditionMgr:805 - Attr not supported : Dmpu
2024-10-27 19:57:14,176 [ERROR] ConditionMgr:805 - Attr not supported : Dmpu
2024-10-27 19:57:14,176 [ERROR] ConditionMgr:805 - Attr not supported : Dmpu
2024-10-27 19:57:14,176 [ERROR] ConditionMgr:805 - Attr not supported : Dmpu
2024-10-27 19:57:14,177 [ERROR] ConditionMgr:805 - Attr not supported : Dmpu
2024-10-27 19:57:14,177 [ERROR] ConditionMgr:805 - Attr not supported : Dmpu
2024-10-27 19:57:14,177 [ERROR] ConditionMgr:805 - Attr not supported : Dmpu
2024-10-27 19:57:14,177 [ERROR] ConditionMgr:805 - Attr not supported : Dmpu
2024-10-27 19:57:14,177 [ERROR] ConditionMgr:805 - Attr not supported : Dmpu
2024-10-27 19:57:14,177 [ERROR] ConditionMgr:805 - Attr not supported : Dmpu
2024-10-27 19:57:14,177 [ERROR] ConditionMgr:805 - Attr not supported : Dmpu
2024-10-27 19:57:14,177 [ERROR] ConditionMgr:805 - Attr not supported : Dmpu
2024-10-27 19:57:14,177 [ERROR] ConditionMgr:805 - Attr not supported : Dmpu
2024-10-27 19:57:14,177 [ERROR] ConditionMgr:805 - Attr not supported : Dmpu
2024-10-27 19:57:14,177 [ERROR] ConditionMgr:805 - Attr not supported : Dmpu
2024-10-27 19:57:14,177 [ERROR] ConditionMgr:805 - Attr not supported : Dmpu
2024-10-27 19:57:14,177 [ERROR] ConditionMgr:805 - Attr not supported : Dmpu
2024-10-27 19:57:14,178 [ERROR] ConditionMgr:805 - Attr not supported : Dmpu
2024-10-27 19:57:14,178 [ERROR] ConditionMgr:805 - Attr not supported : Dmpu
2024-10-27 19:57:14,178 [ERROR] ConditionMgr:805 - Attr not supported : Dmpu
2024-10-27 19:57:14,178 [ERROR] ConditionMgr:805 - Attr not supported : Dmpu
2024-10-27 19:57:14,178 [ERROR] ConditionMgr:805 - Attr not supported : Dmpu
2024-10-27 19:57:14,178 [ERROR] ConditionMgr:805 - Attr not supported : Dmpu
2024-10-27 19:57:14,178 [ERROR] ConditionMgr:805 - Attr not supported : Dmpu
2024-10-27 19:57:14,178 [ERROR] ConditionMgr:805 - Attr not supported : Dmpu
2024-10-27 19:57:14,178 [ERROR] ConditionMgr:805 - Attr not supported : Dmpu
2024-10-27 19:57:14,178 [ERROR] ConditionMgr:805 - Attr not supported : Dmpu
2024-10-27 19:57:14,178 [ERROR] ConditionMgr:805 - Attr not supported : Dmpu
2024-10-27 19:57:14,178 [ERROR] ConditionMgr:805 - Attr not supported : Dmpu
2024-10-27 19:57:14,179 [ERROR] ConditionMgr:805 - Attr not supported : Dmpu
2024-10-27 19:57:14,179 [ERROR] ConditionMgr:805 - Attr not supported : Dmpu
2024-10-27 19:57:14,179 [ERROR] ConditionMgr:805 - Attr not supported : Dmpu
2024-10-27 19:57:14,179 [ERROR] ConditionMgr:805 - Attr not supported : Dmpu
2024-10-27 19:57:14,179 [ERROR] ConditionMgr:805 - Attr not supported : Dmpu
2024-10-27 19:57:14,179 [ERROR] ConditionMgr:805 - Attr not supported : Dmpu
2024-10-27 19:57:14,179 [ERROR] ConditionMgr:805 - Attr not supported : Dmpu
2024-10-27 19:57:14,179 [ERROR] ConditionMgr:805 - Attr not supported : Dmpu
2024-10-27 19:57:14,179 [ERROR] ConditionMgr:805 - Attr not supported : Dmpu
2024-10-27 19:57:14,179 [ERROR] ConditionMgr:805 - Attr not supported : Dmpu
2024-10-27 19:57:14,179 [ERROR] ConditionMgr:805 - Attr not supported : Dmpu
2024-10-27 19:57:14,179 [ERROR] ConditionMgr:805 - Attr not supported : Dmpu
2024-10-27 19:57:14,179 [ERROR] ConditionMgr:805 - Attr not supported : Dmpu
2024-10-27 19:57:14,179 [ERROR] ConditionMgr:805 - Attr not supported : Dmpu
2024-10-27 19:57:14,181 [ERROR] ConditionMgr:805 - Attr not supported : Dmpu
2024-10-27 19:57:14,181 [ERROR] ConditionMgr:805 - Attr not supported : Dmpu
2024-10-27 19:57:14,181 [ERROR] ConditionMgr:805 - Attr not supported : Dmpu
2024-10-27 19:57:14,181 [ERROR] ConditionMgr:805 - Attr not supported : Dmpu
2024-10-27 19:57:14,181 [ERROR] ConditionMgr:805 - Attr not supported : Dmpu
2024-10-27 19:57:14,181 [ERROR] ConditionMgr:805 - Attr not supported : Dmpu
2024-10-27 19:57:14,181 [ERROR] ConditionMgr:805 - Attr not supported : Dmpu
2024-10-27 19:57:14,181 [ERROR] ConditionMgr:805 - Attr not supported : Dmpu
2024-10-27 19:57:14,181 [ERROR] ConditionMgr:805 - Attr not supported : Dmpu
2024-10-27 19:57:14,181 [ERROR] ConditionMgr:805 - Attr not supported : Dmpu
2024-10-27 19:57:14,181 [ERROR] ConditionMgr:805 - Attr not supported : Dmpu
2024-10-27 19:57:14,181 [ERROR] ConditionMgr:805 - Attr not supported : Dmpu
2024-10-27 19:57:14,187 [WARN] PackLoader:240 - Cannot read IP mode file for RealThread.X-CUBE-RT-Thread_Nano.4.1.1
2024-10-27 19:57:14,193 [WARN] PackLoader:240 - Cannot read IP mode file for STMicroelectronics.FP-ATR-SIGFOX1.3.2.0
2024-10-27 19:57:14,200 [WARN] PackLoader:240 - Cannot read IP mode file for STMicroelectronics.X-CUBE-EEPRMA1.5.1.0
2024-10-27 19:57:14,252 [WARN] PackLoader:240 - Cannot read IP mode file for SEGGER.I-CUBE-embOS.1.3.1
2024-10-27 19:57:14,285 [WARN] PackLoader:240 - Cannot read IP mode file for STMicroelectronics.X-CUBE-ALGOBUILD.1.4.0
2024-10-27 19:57:14,291 [WARN] PackLoader:240 - Cannot read IP mode file for STMicroelectronics.X-CUBE-AI.9.1.0
2024-10-27 19:57:14,323 [WARN] PackLoader:240 - Cannot read IP mode file for STMicroelectronics.X-CUBE-GNSS1.6.0.0
2024-10-27 19:57:14,339 [WARN] PackLoader:240 - Cannot read IP mode file for STMicroelectronics.X-CUBE-AZRTOS-F4.1.1.0
2024-10-27 19:57:14,346 [WARN] PackLoader:240 - Cannot read IP mode file for STMicroelectronics.X-CUBE-ISPU.2.1.0
2024-10-27 19:57:14,352 [WARN] PackLoader:240 - Cannot read IP mode file for STMicroelectronics.X-CUBE-FREERTOS.1.2.0
2024-10-27 19:57:14,356 [WARN] PackLoader:240 - Cannot read IP mode file for wolfSSL.I-CUBE-wolfSSL.5.6.6
2024-10-27 19:57:14,368 [WARN] PackLoader:240 - Cannot read IP mode file for STMicroelectronics.X-CUBE-AZRTOS-L5.2.0.0
2024-10-27 19:57:14,403 [WARN] PackLoader:240 - Cannot read IP mode file for STMicroelectronics.X-CUBE-MEMS1.9.6.0
2024-10-27 19:57:14,496 [WARN] PackLoader:240 - Cannot read IP mode file for STMicroelectronics.X-CUBE-NFC6.3.1.0
2024-10-27 19:57:14,501 [WARN] PackLoader:240 - Cannot read IP mode file for ITTIA_DB.I-CUBE-ITTIADB.8.8.0
2024-10-27 19:57:14,505 [WARN] PackLoader:240 - Cannot read IP mode file for STMicroelectronics.X-CUBE-DPower.1.2.0
2024-10-27 19:57:14,508 [WARN] PackLoader:240 - Cannot read IP mode file for STMicroelectronics.X-CUBE-AI.9.0.0
2024-10-27 19:57:14,512 [WARN] PackLoader:240 - Cannot read IP mode file for STMicroelectronics.X-CUBE-NFC7.1.0.1
2024-10-27 19:57:14,517 [WARN] PackLoader:240 - Cannot read IP mode file for STMicroelectronics.X-CUBE-NFC6.3.0.0
2024-10-27 19:57:14,521 [WARN] PackLoader:240 - Cannot read IP mode file for STMicroelectronics.X-CUBE-AI.8.1.0
2024-10-27 19:57:14,533 [WARN] ConditionMgr:438 - getConditionDescription Invalid condition id : LAN8742 Phy interface Condition cause : null
2024-10-27 19:57:14,533 [WARN] PackLoader:240 - Cannot read IP mode file for STMicroelectronics.X-CUBE-AZRTOS-L4.2.0.0
2024-10-27 19:57:14,534 [WARN] ConditionMgr:1039 - genDependencies : Invalid condition id : LAN8742 Phy interface Condition cause : null
2024-10-27 19:57:14,534 [WARN] ConditionMgr:1039 - genDependencies : Invalid condition id : LAN8742 Phy interface Condition cause : null
2024-10-27 19:57:14,535 [WARN] ConditionMgr:1039 - genDependencies : Invalid condition id : LAN8742 Phy interface Condition cause : null
2024-10-27 19:57:14,540 [WARN] PackLoader:240 - Cannot read IP mode file for STMicroelectronics.X-CUBE-SFXS2LP1.4.0.0
2024-10-27 19:57:14,555 [WARN] PackLoader:240 - Cannot read IP mode file for STMicroelectronics.X-CUBE-AZRTOS-H7.3.3.0
2024-10-27 19:57:14,564 [WARN] PackLoader:240 - Cannot read IP mode file for STMicroelectronics.X-CUBE-IPS.3.0.0
2024-10-27 19:57:14,582 [WARN] ConditionMgr:438 - getConditionDescription Invalid condition id : UX DEVICE CLASS RTOS Condition cause : null
2024-10-27 19:57:14,582 [WARN] ConditionMgr:438 - getConditionDescription Invalid condition id : UX DEVICE CLASS RTOS Condition cause : null
2024-10-27 19:57:14,583 [WARN] PackLoader:240 - Cannot read IP mode file for STMicroelectronics.X-CUBE-AZRTOS-WB.2.0.0
2024-10-27 19:57:14,583 [WARN] ConditionMgr:1039 - genDependencies : Invalid condition id : UX DEVICE CLASS RTOS Condition cause : null
2024-10-27 19:57:14,583 [WARN] ConditionMgr:1039 - genDependencies : Invalid condition id : UX DEVICE CLASS RTOS Condition cause : null
2024-10-27 19:57:14,583 [WARN] ConditionMgr:1039 - genDependencies : Invalid condition id : UX DEVICE CLASS RTOS Condition cause : null
2024-10-27 19:57:14,584 [WARN] ConditionMgr:1039 - genDependencies : Invalid condition id : UX DEVICE CLASS RTOS Condition cause : null
2024-10-27 19:57:14,584 [WARN] ConditionMgr:1039 - genDependencies : Invalid condition id : UX DEVICE CLASS RTOS Condition cause : null
2024-10-27 19:57:14,589 [WARN] PackLoader:240 - Cannot read IP mode file for STMicroelectronics.X-CUBE-GNSS1.7.0.0
2024-10-27 19:57:14,595 [WARN] PackLoader:240 - Cannot read IP mode file for STMicroelectronics.FP-SNS-STBOX1.2.0.0
2024-10-27 19:57:14,605 [WARN] PackLoader:240 - Cannot read IP mode file for STMicroelectronics.X-CUBE-SUBG2.5.0.0
2024-10-27 19:57:14,625 [WARN] PackLoader:240 - Cannot read IP mode file for STMicroelectronics.X-CUBE-AZRTOS-G4.2.0.0
2024-10-27 19:57:14,647 [WARN] PackLoader:240 - Cannot read IP mode file for Infineon.AIROC-Wi-Fi-Bluetooth-STM32.1.5.1
2024-10-27 19:57:14,656 [WARN] PackLoader:240 - Cannot read IP mode file for STMicroelectronics.FP-SNS-MOTENVWB1.1.3.1
2024-10-27 19:57:14,661 [WARN] PackLoader:240 - Cannot read IP mode file for STMicroelectronics.X-CUBE-ISPU.2.0.0
2024-10-27 19:57:14,666 [WARN] PackLoader:240 - Cannot read IP mode file for STMicroelectronics.X-CUBE-ALS.1.0.2
2024-10-27 19:57:14,708 [WARN] PackLoader:240 - Cannot read IP mode file for STMicroelectronics.X-CUBE-MEMS1.10.0.0
2024-10-27 19:57:14,849 [WARN] PackLoader:240 - Cannot read IP mode file for STMicroelectronics.X-CUBE-FREERTOS.1.1.0
2024-10-27 19:57:14,853 [WARN] PackLoader:240 - Cannot read IP mode file for STMicroelectronics.X-CUBE-TOUCHGFX.4.24.0
2024-10-27 19:57:14,857 [WARN] PackLoader:240 - Cannot read IP mode file for STMicroelectronics.X-CUBE-TOUCHGFX.4.24.1
2024-10-27 19:57:14,861 [WARN] PackLoader:240 - Cannot read IP mode file for wolfSSL.I-CUBE-wolfTPM.3.4.0
2024-10-27 19:57:14,866 [WARN] PackLoader:240 - Cannot read IP mode file for portGmbH.I-Cube-SoM-uGOAL.1.1.0
2024-10-27 19:57:14,869 [WARN] PackLoader:240 - Cannot read IP mode file for STMicroelectronics.X-CUBE-ALS.1.0.1
2024-10-27 19:57:14,881 [WARN] PackLoader:240 - Cannot read IP mode file for STMicroelectronics.X-CUBE-AZRTOS-H7RS.1.0.0
2024-10-27 19:57:14,887 [WARN] PackLoader:240 - Cannot read IP mode file for STMicroelectronics.FP-ATR-ASTRA1.2.0.0
2024-10-27 19:57:14,895 [WARN] PackLoader:240 - Cannot read IP mode file for STMicroelectronics.X-CUBE-TOF1.3.4.2
2024-10-27 19:57:14,907 [WARN] PackLoader:240 - Cannot read IP mode file for STMicroelectronics.X-CUBE-TOF1.3.4.1
2024-10-27 19:57:14,925 [WARN] PackLoader:240 - Cannot read IP mode file for STMicroelectronics.X-CUBE-AZRTOS-H7.3.2.0
2024-10-27 19:57:14,931 [WARN] PackLoader:240 - Cannot read IP mode file for wolfSSL.I-CUBE-wolfSSH.1.4.17
2024-10-27 19:57:14,932 [INFO] ThirdParty:978 - Integrity check success = true
2024-10-27 19:57:14,932 [INFO] IntegrityCheckThread:100 - exiting critical section [integrity check]
2024-10-27 19:57:14,932 [INFO] IntegrityCheckThread:103 - End integrity checks thread
2024-10-27 19:57:33,501 [ERROR] LogOutputStream:75 - [STDERR_REDIRECT] SLF4J: Failed to load class "org.slf4j.impl.StaticLoggerBinder".
2024-10-27 19:57:33,501 [ERROR] LogOutputStream:75 - [STDERR_REDIRECT] SLF4J: Defaulting to no-operation (NOP) logger implementation
2024-10-27 19:57:33,502 [ERROR] LogOutputStream:75 - [STDERR_REDIRECT] SLF4J: See http://www.slf4j.org/codes.html#StaticLoggerBinder for further details.
2024-10-27 20:09:37,485 [ERROR] LogOutputStream:75 - [STDERR_REDIRECT] 
